AccType,ClientId,BeginDate,EndDate,BeginQ,EndQ,PD,LGD,"Interest rate",Status,Random,"Default function"
L,1,1,71,5700,5813.05,0.02,0.5,0.0714,Active,0.14,0.142828187603746
L,2,1,81,10000,10681.9,0.19,0.6,0.2148,Active,0.05,0.0604624798828626
L,3,1,101,3900,4018.55,0.06,0.2,0.0766,Active,0.48,0.509681542341773
L,4,1,51,2200,2248.5,0.1,0.4,0.1111,Active,0.46,0.508378622314798
L,5,1,71,8200,8597.93,0.17,0.5,0.1747,Active,0.34,0.403003649448924
L,6,1,71,100,102.21,0.07,0.2,0.0796,Active,0.2,0.214501636250843
L,7,1,51,600,612.94,0.08,0.5,0.1087,Active,0.33,0.357484732332736
L,8,1,21,6400,6467.71,0.1,0.6,0.1333,Active,0.57,0.629947423303119
L,9,1,151,6800,7110.05,0.06,0.2,0.0766,Active,0.14,0.14865711651635
L,10,1,51,600,632.74,0.2,0.8,0.275,Active,0.63,0.769483737640907
L,11,1,151,2300,2455.8,0.13,0.3,0.1138,Active,0.68,0.774403300660743
L,12,1,101,5900,6067.17,0.02,0.5,0.0714,Active,0.74,0.754948991619799
L,13,1,141,7700,8331.4,0.16,0.4,0.1476,Active,0.6,0.704106522595086
L,14,1,91,5400,5744.64,0.11,0.9,0.1787,Active,0.6,0.669766842275323
L,15,1,41,6300,6363.6,0.01,0.3,0.0636,Active,0.4,0.404020066833667
L,16,1,31,900,906.71,0.01,0.2,0.0626,Active,0.08,0.0808040133667334
L,17,1,31,700,705.56,0.01,0.6,0.0667,Active,0.54,0.545427090225451
L,18,1,21,2300,2323.58,0.11,0.5,0.1292,Active,0.53,0.591627377343202
L,19,1,151,6400,6749.33,0.04,0.7,0.0917,Active,0.09,0.0936729696773149
L,20,1,71,1600,1658.8,0.07,0.9,0.1323,Active,0.36,0.386102945251518
L,21,1,141,9300,9762.42,0.05,0.5,0.0895,Active,0.42,0.44153386047793
L,22,1,71,5700,5835.69,0.09,0.2,0.0857,Active,0.25,0.273543570926303
L,23,1,151,800,855.67,0.11,0.4,0.1169,Active,0.01,0.0111627807045887
L,24,1,51,100,102.55,0.16,0.3,0.1286,Active,0.44,0.516344783236397
L,65,2,42,500,505.37,0.01,0.7,0.0677,Active,0.65,0.656532608604709
L,66,2,42,300,303.68,0.03,0.5,0.0773,Active,0.3,0.309136360186055
L,67,2,122,5200,5574.4,0.14,0.5,0.1512,Active,0.79,0.90871630109721
L,68,2,102,6900,7322.21,0.17,0.4,0.1542,Active,0.67,0.794154250384645
L,69,2,142,6500,6829.69,0.08,0.3,0.0913,Active,0.14,0.151660189474494
L,70,2,112,2200,2361.24,0.19,0.4,0.1679,Active,0.88,1.06413964593838
L,71,2,82,4100,4181.48,0.01,0.2,0.0626,Active,0.06,0.0606030100250501
L,72,2,152,3000,3170.89,0.06,0.5,0.0957,Active,0.53,0.562773369669041
L,73,2,102,6100,6447.85,0.13,0.5,0.1437,Active,0.06,0.0683297029994773
L,74,2,42,4000,4052.89,0.04,0.5,0.0833,Active,0.37,0.385099986451184
L,75,2,52,6100,6181.45,0.02,0.3,0.0673,Active,0.55,0.561110737014716
L,76,2,22,1100,1112.61,0.1,0.7,0.1444,Active,0.58,0.640999132483876
L,77,2,122,4400,4557.14,0.04,0.3,0.075,Active,0.04,0.0416324309676955
L,78,2,72,9700,10104.17,0.12,0.6,0.15,Active,0.37,0.417173835084369
L,79,2,152,4700,5112.93,0.16,0.4,0.1476,Active,0.53,0.621960761625659
L,80,2,62,4600,4686.41,0.05,0.3,0.0789,Active,0.7,0.735889767463217
L,81,2,32,5600,5673,0.16,0.2,0.1095,Active,0.29,0.340318152587625
L,82,2,102,3500,3713.75,0.11,0.7,0.1539,Active,0.6,0.669766842275323
L,83,2,62,3100,3158.46,0.04,0.4,0.0792,Active,0.4,0.416324309676955
L,84,2,42,3100,3165.79,0.17,0.3,0.1337,Active,0.12,0.142236582158444
L,85,2,52,8000,8113.33,0.02,0.5,0.0714,Active,0.96,0.979393286425685
L,86,2,92,3400,3508.68,0.05,0.5,0.0895,Active,0.11,0.115639820601363
L,87,2,122,7000,7449.67,0.14,0.4,0.1349,Active,0.63,0.724672493280053
L,88,2,52,5200,5285.63,0.06,0.3,0.083,Active,0.38,0.403497887687237
L,89,2,92,7500,8035.71,0.2,0.5,0.2,Active,0.13,0.158782358560822
L,90,2,52,3400,3482.44,0.1,0.5,0.1222,Active,0.8,0.884136734460518
L,91,2,92,6400,6688.23,0.08,0.7,0.1261,Active,0.18,0.194991672181493
L,92,2,132,2000,2148.98,0.19,0.3,0.1444,Active,0.38,0.459514847109756
L,93,2,82,3400,3538.81,0.16,0.3,0.1286,Active,0.46,0.539815000656233
L,94,2,122,8600,9419.05,0.14,0.8,0.2,Active,0.2,0.230054759771445
L,95,2,112,8200,8825.32,0.17,0.5,0.1747,Active,0.94,1.11418656024114
L,96,2,72,2300,2353.22,0.04,0.5,0.0833,Active,0.77,0.801424296128139
L,97,2,152,600,624.79,0.02,0.4,0.0694,Active,0.78,0.79575704522087
L,98,2,32,6100,6162.23,0.09,0.2,0.0857,Active,0.78,0.853455941290064
L,99,2,32,7300,7430.36,0.12,0.6,0.15,Active,0.43,0.484823646179132
L,100,2,142,900,972.2,0.19,0.3,0.1444,Active,0.97,1.17297210972753
L,101,2,32,1200,1212.77,0.06,0.4,0.0894,Active,0.91,0.966271257356277
L,102,2,62,7200,7312.63,0.01,0.5,0.0657,Active,0.03,0.030301505012525
L,103,2,152,2200,2297.17,0.03,0.4,0.0742,Active,0.12,0.123654544074422
L,104,2,122,4800,5080.46,0.12,0.4,0.1227,Active,0.18,0.202949433284288
L,105,2,72,7300,7545.36,0.19,0.2,0.121,Active,0.36,0.435329855156611
L,106,2,42,400,406.35,0.1,0.3,0.1,Active,0.87,0.961498698725814
L,107,2,112,8700,9269.64,0.2,0.3,0.15,Active,0.21,0.256494579213636
L,108,2,32,2400,2461.37,0.19,0.6,0.2148,Active,0.16,0.19347993562516
L,109,2,112,2200,2264.63,0.02,0.3,0.0673,Active,0.52,0.530504696813913
L,110,2,112,2100,2190.66,0.13,0.2,0.0989,Active,0.92,1.04772211265865
L,111,2,32,2000,2041.6,0.17,0.5,0.1747,Active,0.99,1.17345180280716
L,112,2,122,300,316.49,0.09,0.5,0.1154,Active,0.12,0.131300914044625
L,206,3,113,1900,1976.38,0.11,0.2,0.0921,Active,0.69,0.770231868616621
L,207,3,33,5300,5379.06,0.09,0.6,0.1253,Active,0.33,0.361077513622719
L,208,3,43,100,102.67,0.19,0.4,0.1679,Active,0.22,0.266034911484595
L,209,3,153,1300,1383.96,0.06,0.7,0.1085,Active,0.08,0.0849469237236288
L,210,3,123,7900,8468.8,0.14,0.5,0.1512,Active,0.93,1.06975463293722
L,211,3,63,5100,5196.66,0.07,0.2,0.0796,Active,0.58,0.622054745127446
L,212,3,33,500,507.65,0.16,0.3,0.1286,Active,0.71,0.833192718404185
L,213,3,93,8000,8367.71,0.13,0.4,0.1287,Active,0.05,0.0569414191662311
L,214,3,43,8700,8867.1,0.19,0.2,0.121,Active,0.79,0.955307182149229
L,215,3,113,4100,4217.58,0.01,0.5,0.0657,Active,0.97,0.979748662071643
L,216,3,53,5300,5387.28,0.06,0.3,0.083,Active,0.8,0.849469237236288
L,217,3,153,4700,4979.76,0.08,0.4,0.1,Active,0.15,0.162493060151244
L,218,3,143,3800,4284.29,0.15,0.9,0.2294,Active,0.01,0.0116183424272828
L,219,3,143,300,339.72,0.19,0.7,0.2383,Active,0.78,0.943214686172656
L,220,3,33,7300,7486.67,0.19,0.6,0.2148,Active,0.07,0.0846474718360076
L,221,3,73,8800,9114.6,0.13,0.4,0.1287,Active,0.98,1.11605181565813
L,222,3,43,6500,6672.71,0.14,0.6,0.1674,Active,0.42,0.483114995520035
L,223,3,143,3900,4039.97,0.01,0.4,0.0646,Active,0.19,0.191909531745992
L,224,3,123,100,104.15,0.07,0.3,0.0871,Active,0.69,0.740030645065409
L,225,3,83,6800,6960.18,0.03,0.4,0.0742,Active,1,1.03045453395352
L,226,3,33,7300,7358.83,0.01,0.7,0.0677,Active,0.9,0.909045150375751
L,227,3,23,5200,5228.06,0.03,0.2,0.068,Active,0.9,0.927409080558165
L,228,3,33,3200,3248.99,0.16,0.3,0.1286,Active,0.05,0.0586755435495905
L,229,3,23,9500,9571.33,0.07,0.4,0.0946,Active,0.32,0.343202618001349
L,230,3,153,9600,10420,0.08,0.9,0.1435,Active,0.25,0.27082176691874
L,231,3,33,8900,8971.31,0.02,0.3,0.0673,Active,0.32,0.326464428808562
L,232,3,103,2500,2594.74,0.12,0.2,0.0955,Active,0.96,1.0823969775162
L,233,3,53,9500,9751.26,0.1,0.6,0.1333,Active,0.13,0.143672219349834
L,234,3,133,500,522.47,0.07,0.3,0.0871,Active,0.34,0.364652781626434
L,235,3,153,1600,1695.24,0.1,0.3,0.1,Active,0.55,0.607844004941606
L,236,3,153,8200,8510.43,0.01,0.3,0.0636,Active,0.07,0.0707035116958918
L,237,3,23,6500,6563.3,0.12,0.4,0.1227,Active,0.45,0.507373583210719
L,238,3,63,9700,9941.35,0.11,0.3,0.1045,Active,0.97,1.08278972834511
L,239,3,83,2400,2489.22,0.18,0.2,0.1171,Active,0.56,0.670441723348214
L,240,3,43,4200,4286.13,0.11,0.5,0.1292,Active,0.02,0.0223255614091774
L,241,3,23,5600,5659.42,0.17,0.3,0.1337,Active,0.8,0.948243881056292
L,242,3,33,9700,9841.69,0.12,0.4,0.1227,Active,0.34,0.383348929536988
L,243,3,33,9300,9429.42,0.11,0.4,0.1169,Active,0.99,1.10511528975428
L,244,3,153,4000,4264.52,0.1,0.4,0.1111,Active,0.64,0.707309387568415
L,245,3,53,4800,4885.24,0.05,0.5,0.0895,Active,0.38,0.399483016622889
L,246,3,43,8100,8298.26,0.17,0.4,0.1542,Active,0.61,0.723035959305423
L,247,3,33,9400,9532.72,0.14,0.3,0.1186,Active,0.2,0.230054759771445
L,248,3,113,6000,6250.64,0.06,0.5,0.0957,Active,0.33,0.350406060359969
L,249,3,133,700,732.1,0.1,0.2,0.0889,Active,0.23,0.254189311157399
L,250,3,103,8100,8566.39,0.09,0.8,0.1451,Active,0.36,0.393902742133876
L,251,3,23,6000,6083.19,0.17,0.5,0.1747,Active,0.11,0.13038353364524
L,252,3,143,1800,1864.6,0.01,0.4,0.0646,Active,0.4,0.404020066833667
L,253,3,43,2500,2575.95,0.19,0.5,0.1914,Active,0.65,0.786012238477213
L,254,3,103,4000,4294.76,0.16,0.6,0.1857,Active,0.16,0.18776173935869
L,255,3,43,4100,4144.25,0.03,0.2,0.068,Active,0.53,0.546140902995364
L,256,3,123,5200,5434.5,0.05,0.6,0.0947,Active,0.45,0.473071993369211
L,257,3,43,5400,5536.11,0.15,0.5,0.1588,Active,0.48,0.557680436509576
L,258,3,153,6400,6760.38,0.07,0.4,0.0946,Active,0.91,0.975982444941337
L,259,3,83,9300,9657.24,0.19,0.2,0.121,Active,0.73,0.882752206289794
L,260,3,153,4800,5060.86,0.08,0.3,0.0913,Active,0.43,0.465813439100232
L,261,3,43,7200,7272.69,0.01,0.3,0.0636,Active,0.13,0.131306521720942
L,262,3,103,400,429.16,0.14,0.7,0.1837,Active,0.04,0.0460109519542891
L,263,3,113,4400,4608.77,0.08,0.5,0.1087,Active,0.01,0.0108328706767496
L,264,3,63,2200,2255.16,0.05,0.8,0.1053,Active,0.46,0.483584704332971
L,265,3,123,4800,5016.23,0.07,0.4,0.0946,Active,0.19,0.203776554438301
L,266,3,83,2400,2450.06,0.01,0.5,0.0657,Active,0.78,0.787839130325651
L,267,3,53,5300,5414.73,0.12,0.3,0.1091,Active,0.82,0.924547418295088
L,268,3,73,9300,9715.92,0.18,0.4,0.161,Active,0.88,1.05355127954719
L,269,3,53,8400,8635.33,0.15,0.4,0.1412,Active,0.53,0.61577214864599
L,270,3,93,9100,9668.75,0.2,0.4,0.175,Active,0.14,0.170996386142424
L,271,3,53,6100,6248.51,0.12,0.4,0.1227,Active,0.02,0.0225499370315875
L,272,3,53,4400,4483.46,0.09,0.3,0.0956,Active,0.08,0.0875339426964168
L,273,3,113,1400,1448.64,0.07,0.2,0.0796,Active,0.22,0.235951799875928
L,274,3,33,9600,9752.34,0.1,0.6,0.1333,Active,0.57,0.629947423303119
L,275,3,123,9900,10626.94,0.17,0.4,0.1542,Active,0.57,0.675623765252608
L,276,4,54,9000,9163.75,0.04,0.7,0.0917,Active,0.69,0.718159434192748
L,277,4,104,5400,5634.64,0.16,0.2,0.1095,Active,0.68,0.797987392274431
L,278,4,24,3900,3973.76,0.19,0.7,0.2383,Active,0.23,0.278127407461168
L,279,4,124,4600,5000.64,0.18,0.5,0.1829,Active,0.98,1.17327301585937
L,280,4,144,4900,5117.23,0.11,0.1,0.0798,Active,0.98,1.09395250904969
L,281,4,54,200,204.85,0.1,0.5,0.1222,Active,0.43,0.475223494772529
L,282,4,104,4200,4415.33,0.11,0.5,0.1292,Active,0.97,1.08278972834511
L,283,4,54,1300,1325.79,0.08,0.4,0.1,Active,0.29,0.314153249625738
L,284,4,54,700,709.07,0.02,0.2,0.0653,Active,0.22,0.224444294805886
L,396,6,46,4100,4213.69,0.17,0.5,0.1747,Active,0.74,0.87712558997707
L,397,6,106,7800,8162.76,0.07,0.7,0.1172,Active,0.24,0.257401963501012
L,398,6,46,9000,9102,0.02,0.5,0.0714,Active,0.23,0.234646308206154
L,399,6,146,1300,1368.97,0.12,0.2,0.0955,Active,0.47,0.529923520242307
L,400,6,86,200,206.49,0.07,0.5,0.1022,Active,0.89,0.954532281316253
L,401,6,126,10000,10844.29,0.12,0.8,0.1773,Active,0.75,0.845622638684532
L,402,6,156,5500,5759.29,0.04,0.4,0.0792,Active,0.42,0.437140525160803
L,403,6,146,400,415.27,0.01,0.8,0.0687,Active,0.82,0.828241137009018
L,404,6,136,2900,3185.59,0.12,0.9,0.1909,Active,0.17,0.191674464768494
L,405,6,96,2300,2391.26,0.1,0.4,0.1111,Active,0.89,0.983602117087326
L,406,6,46,5900,5973.89,0.05,0.3,0.0789,Active,0.99,1.04075838541226
L,407,6,146,6700,7092.69,0.09,0.4,0.1055,Active,0.22,0.240718342415146
L,408,6,146,5800,6059.07,0.03,0.6,0.0804,Active,0.2,0.206090906790703
L,409,6,116,9200,10062.61,0.19,0.6,0.2148,Active,0.07,0.0846474718360076
L,410,6,86,9400,9979.22,0.15,0.7,0.1941,Active,0.82,0.952704079037192
L,411,6,146,3500,3825.5,0.14,0.6,0.1674,Active,0.75,0.862705349142921
L,412,6,26,6900,6938.94,0.03,0.3,0.0711,Active,0.95,0.978931807255841
L,413,6,76,7700,7866.41,0.1,0.1,0.0778,Active,0.96,1.06096408135262
L,414,6,76,9200,9569.02,0.19,0.3,0.1444,Active,0.13,0.157202447695443
L,415,6,156,4700,5045.51,0.15,0.3,0.1235,Active,0.62,0.720337230491536
L,416,6,36,900,916.07,0.12,0.6,0.15,Active,0.65,0.732872953526594
L,417,6,86,5100,5253.16,0.07,0.4,0.0946,Active,0.22,0.235951799875928
L,418,6,146,9200,9966.67,0.12,0.6,0.15,Active,0.98,1.10494691454779
L,419,6,46,3700,3769.65,0.14,0.3,0.1186,Active,1,1.15027379885723
L,420,6,66,8900,9212.77,0.16,0.4,0.1476,Active,0.77,0.903603370663694
L,421,6,96,7300,7584.44,0.12,0.3,0.1091,Active,0.47,0.529923520242307
L,422,6,26,8600,8702.38,0.2,0.3,0.15,Active,0.47,0.57405929633528
L,423,6,106,7100,7480.08,0.14,0.4,0.1349,Active,0.05,0.0575136899428614
L,424,6,96,6500,6720.77,0.18,0.1,0.0951,Active,0.64,0.766219112397958
L,425,6,36,5900,5979.93,0.13,0.3,0.1138,Active,0.2,0.227765676664924
L,426,6,136,8400,8871.03,0.08,0.5,0.1087,Active,0.14,0.151660189474494
L,427,6,126,4000,4359.05,0.13,0.8,0.1885,Active,0.4,0.455531353329849
L,428,6,76,5400,5651.85,0.19,0.4,0.1679,Active,0.14,0.169294943672015
L,429,6,36,4200,4247.35,0.05,0.6,0.0947,Active,0.99,1.04075838541226
L,430,6,46,4800,4872.15,0.05,0.6,0.0947,Active,0.86,0.904093142883381
L,431,6,46,4600,4660.82,0.04,0.5,0.0833,Active,0.45,0.468364848386575
L,432,6,66,3500,3596.17,0.09,0.5,0.1154,Active,0.73,0.798747227104804
L,433,6,106,2600,2766.11,0.18,0.4,0.161,Active,0.44,0.526775639773596
L,434,6,106,4500,4826.61,0.18,0.5,0.1829,Active,0.92,1.10143997407207
L,435,6,46,5500,5565.91,0.02,0.7,0.0755,Active,1,1.02020134002676
L,436,6,56,3800,3913.1,0.2,0.3,0.15,Active,0.7,0.854981930712119
L,437,6,156,8800,9498.24,0.1,0.6,0.1333,Active,0.79,0.873085025279762
L,438,6,156,7100,7400.48,0.03,0.3,0.0711,Active,0.15,0.154568180093028
L,439,6,46,3800,3839.63,0.01,0.5,0.0657,Active,0.6,0.606030100250501
L,440,6,156,6200,6697.85,0.14,0.4,0.1349,Active,0.75,0.862705349142921
L,441,6,96,5000,5182.32,0.06,0.6,0.1021,Active,0.2,0.212367309309072
L,442,6,86,4200,4336.27,0.07,0.5,0.1022,Active,0.81,0.868731626815915
L,443,6,66,7700,8018.27,0.13,0.7,0.1736,Active,1,1.13882838332462
L,444,6,136,6400,6695.16,0.06,0.4,0.0894,Active,0.58,0.615865196996309
L,445,6,86,2100,2188.87,0.1,0.6,0.1333,Active,0.97,1.07201579053338
L,446,6,86,2700,2826.51,0.16,0.4,0.1476,Active,0.99,1.16177576228189
L,447,6,106,7100,7369.07,0.12,0.2,0.0955,Active,0.99,1.11622188306358
L,448,6,106,8900,9517,0.17,0.5,0.1747,Active,0.22,0.26076706729048
L,449,6,116,3100,3200.41,0.03,0.4,0.0742,Active,0.83,0.855277263181419
L,450,6,66,6200,6397.37,0.17,0.3,0.1337,Active,0.54,0.640064619712997
L,451,6,26,8100,8147.7,0.03,0.4,0.0742,Active,0.89,0.91710453521863
L,452,6,146,4400,4553.02,0.01,0.2,0.0626,Active,0.9,0.909045150375751
L,453,6,46,9800,10024.62,0.19,0.3,0.1444,Active,0.03,0.0362774879297175
L,454,6,86,200,210.22,0.18,0.4,0.161,Active,0.55,0.658469549716996
L,455,6,26,3400,3433.81,0.09,0.6,0.1253,Active,0.31,0.339194027948615
L,456,6,116,8500,9334.82,0.2,0.6,0.225,Active,0.89,1.08704845476255
L,457,6,146,3200,3466.67,0.2,0.3,0.15,Active,0.34,0.415276937774458
L,458,6,36,6900,6983.87,0.06,0.6,0.1021,Active,0.31,0.329169329429061
L,459,6,136,1700,1853.47,0.2,0.4,0.175,Active,0.3,0.366420827448051
L,460,6,26,5000,5035.48,0.06,0.4,0.0894,Active,0.29,0.307932598498154
L,461,6,56,8600,8789.58,0.1,0.4,0.1111,Active,0.77,0.850981606918249
L,462,6,136,1200,1250.64,0.12,0.1,0.0818,Active,0.21,0.236774338831669
L,463,6,146,9600,11066.67,0.2,0.8,0.275,Active,0.58,0.708413599732898
L,464,6,66,9900,10189.22,0.12,0.4,0.1227,Active,0.48,0.5411984887581
L,465,6,56,9900,10094.27,0.13,0.2,0.0989,Active,0.49,0.558025907829065
L,466,6,96,5800,6128.53,0.13,0.6,0.1586,Active,0.34,0.387201650330371
L,467,6,156,1300,1349.21,0.01,0.3,0.0636,Active,0.12,0.1212060200501
L,468,6,146,3800,3932.16,0.01,0.2,0.0626,Active,0.86,0.868643143692384
L,469,6,106,8500,8711.15,0.01,0.2,0.0626,Active,0.32,0.323216053466934
L,470,6,36,2500,2538.27,0.16,0.3,0.1286,Active,0.39,0.457669239686806
L,471,6,36,4100,4190.64,0.16,0.6,0.1857,Active,0.04,0.0469404348396724
L,545,7,47,9500,9629.23,0.09,0.2,0.0857,Active,0.98,1.07229079803111
L,546,7,87,2600,2668.51,0.06,0.3,0.083,Active,0.58,0.615865196996309
L,547,7,27,9500,9576.98,0.06,0.6,0.1021,Active,0.25,0.26545913663634
L,548,7,147,6900,7139.97,0.01,0.2,0.0626,Active,0.31,0.313115551796092
L,549,7,157,7700,8010.29,0.01,0.7,0.0677,Active,0.23,0.232311538429359
L,550,7,127,1600,1771.43,0.2,0.6,0.225,Active,0.42,0.512989158427271
L,551,7,87,6800,7061.21,0.19,0.2,0.121,Active,0.17,0.205572431601733
L,552,7,117,6700,6896.83,0.02,0.3,0.0673,Active,0.95,0.969191273025418
L,553,7,107,9100,9457.14,0.13,0.2,0.0989,Active,0.5,0.569414191662311
L,554,7,77,4100,4194.87,0.04,0.5,0.0833,Active,0.57,0.593262141289661
L,555,7,77,7300,7492.03,0.05,0.6,0.0947,Active,0.69,0.725377056499457
L,556,7,87,7500,7689.52,0.07,0.2,0.0796,Active,0.41,0.439728354314229
L,557,7,127,6400,6781.87,0.09,0.6,0.1253,Active,0.42,0.459553199156188
L,558,7,157,7100,7416.96,0.04,0.3,0.075,Active,0.3,0.312243232257716
L,559,7,107,8100,8566.39,0.09,0.8,0.1451,Active,0.86,0.940989883986481
L,560,7,67,5200,5342.88,0.09,0.5,0.1154,Active,0.95,1.03946556951995
L,561,7,27,2500,2536.29,0.18,0.5,0.1829,Active,1,1.19721736312181
L,562,7,57,10000,10420.24,0.15,0.8,0.2118,Active,0.79,0.917849051755344
L,563,7,37,1200,1216.7,0.11,0.4,0.1169,Active,0.67,0.747906307207444
L,564,7,57,300,309.92,0.16,0.5,0.1667,Active,0.74,0.86839804453394
L,565,7,77,800,850.4,0.18,0.7,0.2268,Active,0.49,0.586636507929687
L,566,7,157,8900,9827.08,0.2,0.4,0.175,Active,0.17,0.207638468887229
L,567,7,27,1200,1210.84,0.13,0.3,0.1138,Active,0.35,0.398589934163618
L,568,7,107,3200,3344.51,0.13,0.3,0.1138,Active,0.73,0.831344719826974
L,569,7,157,4200,4637.5,0.2,0.4,0.175,Active,0.25,0.305350689540042
L,570,7,107,7800,8152.24,0.13,0.3,0.1138,Active,0.35,0.398589934163618
L,571,7,97,6700,7417.86,0.2,0.9,0.3,Active,0.91,1.11147650992575
L,572,7,117,7700,8233.74,0.15,0.5,0.1588,Active,0.11,0.127801766700111
L,573,7,37,4200,4277.1,0.17,0.4,0.1542,Active,0.93,1.10233351172794
L,574,7,57,9100,9332.38,0.13,0.4,0.1287,Active,0.49,0.558025907829065
L,575,7,157,8700,9174.88,0.04,0.7,0.0917,Active,0.65,0.676527003225052
L,576,7,27,7600,7645.24,0.04,0.3,0.075,Active,0.98,1.01999455870854
L,577,7,117,500,517.22,0.05,0.3,0.0789,Active,0.66,0.693838923608176
L,578,7,27,9200,9285.36,0.11,0.4,0.1169,Active,0.02,0.0223255614091774
L,579,7,147,6800,7177.78,0.1,0.3,0.1,Active,0.87,0.961498698725814
L,580,7,37,9500,9603.26,0.08,0.3,0.0913,Active,0.9,0.974958360907463
L,581,7,37,8500,8605.74,0.11,0.3,0.1045,Active,0.95,1.06046416693593
L,582,7,47,6600,6714.92,0.07,0.6,0.1097,Active,0.85,0.911631954066084
L,583,7,87,1000,1027.65,0.07,0.3,0.0871,Active,0.16,0.171601309000675
L,584,7,117,7300,7813.03,0.18,0.4,0.161,Active,0.11,0.131693909943399
L,585,7,107,4100,4245.45,0.06,0.4,0.0894,Active,0.53,0.562773369669041
L,586,7,87,700,721.98,0.13,0.2,0.0989,Active,0.85,0.968004125825928
L,587,7,27,2600,2627.59,0.17,0.3,0.1337,Active,0.62,0.734889007818627
L,588,7,77,8400,8692.37,0.09,0.6,0.1253,Active,0.4,0.437669713482084
L,589,7,97,7500,7901.79,0.2,0.3,0.15,Active,0.17,0.207638468887229
L,590,7,147,3500,3705.14,0.09,0.4,0.1055,Active,0.17,0.186009628229886
L,591,7,117,4800,5189.09,0.16,0.6,0.1857,Active,0.51,0.598490544205823
L,592,7,157,2100,2218.25,0.07,0.4,0.0946,Active,0.36,0.386102945251518
L,593,7,137,3800,3975.45,0.05,0.5,0.0895,Active,0.15,0.157690664456404
L,594,7,97,3900,4096.67,0.15,0.4,0.1412,Active,0.41,0.476352039518596
L,595,7,47,5900,5966.59,0.03,0.3,0.0711,Active,0.66,0.680099992409321
L,596,7,67,800,820.78,0.12,0.3,0.1091,Active,0.8,0.901997481263501
L,688,8,28,9700,9758.12,0.02,0.7,0.0755,Active,0.75,0.765151005020067
L,689,8,58,3500,3573.26,0.09,0.4,0.1055,Active,0.2,0.218834856741042
L,690,8,98,800,877.34,0.18,0.9,0.2707,Active,0.52,0.622553028823341
L,691,8,128,8400,8684.4,0.03,0.3,0.0711,Active,0.67,0.690404537748856
L,692,8,58,9000,9208.75,0.11,0.4,0.1169,Active,0.58,0.647441280866145
L,693,8,68,10000,10238.1,0.08,0.4,0.1,Active,0.96,1.03995558496796
L,694,8,158,800,850.24,0.09,0.4,0.1055,Active,0.95,1.03946556951995
L,695,8,118,7100,7321.28,0.02,0.5,0.0714,Active,0.37,0.3774744958099
L,696,8,78,4700,4816.85,0.05,0.5,0.0895,Active,0.89,0.935631275774661
L,697,8,48,7900,7989.16,0.03,0.3,0.0711,Active,0.98,1.00984544327445
L,698,8,68,7900,8061.2,0.09,0.2,0.0857,Active,0.18,0.196951371066938
L,699,8,38,9400,9522.54,0.16,0.2,0.1095,Active,0.67,0.786252283564513
L,700,8,108,5000,5344.44,0.13,0.7,0.1736,Active,0.25,0.284707095831155
L,701,8,148,5500,5792.42,0.06,0.5,0.0957,Active,0.27,0.286695867567247
L,702,8,78,8000,8148.22,0.01,0.6,0.0667,Active,0.71,0.717135618629759
L,703,8,158,9700,10216.18,0.06,0.4,0.0894,Active,0.56,0.594628466065401
L,704,8,78,2500,2589.31,0.16,0.3,0.1286,Active,0.63,0.73931184872484
L,705,8,158,3500,3794.17,0.15,0.4,0.1412,Active,0.61,0.708718888064253
L,706,8,148,7000,7651,0.14,0.6,0.1674,Active,0.01,0.0115027379885723
L,707,8,28,3100,3115.65,0.01,0.3,0.0636,Active,0.39,0.393919565162826
L,708,8,158,1000,1038.87,0.02,0.2,0.0653,Active,0.33,0.336666442208829
L,709,8,118,2300,2444.07,0.08,0.9,0.1435,Active,0.37,0.400816215039735
L,710,8,68,1500,1531.5,0.15,0.1,0.0882,Active,0.57,0.662245518355121
L,711,8,128,6700,6985.23,0.06,0.4,0.0894,Active,0.84,0.891942699098102
L,729,9,59,5800,5977.45,0.17,0.4,0.1542,Active,0.68,0.806007298897849
L,730,9,69,8000,8318.86,0.14,0.6,0.1674,Active,0.51,0.586639637417186
L,731,9,39,7000,7107.67,0.11,0.5,0.1292,Active,0.2,0.223255614091774
L,732,9,49,5300,5352.66,0.01,0.2,0.0626,Active,0.44,0.444422073517034
L,733,9,59,2300,2329.02,0.01,0.3,0.0636,Active,0.21,0.212110535087675
L,734,9,49,2400,2424.61,0.01,0.4,0.0646,Active,0.1,0.101005016708417
L,735,9,49,4200,4325.67,0.13,0.8,0.1885,Active,0.9,1.02494554499216
L,736,9,89,6200,6386.39,0.05,0.6,0.0947,Active,0.5,0.525635548188012
L,737,9,69,9000,9191.57,0.06,0.4,0.0894,Active,0.98,1.04059981561445
L,738,9,109,2100,2211.08,0.1,0.6,0.1333,Active,0.19,0.209982474434373
L,739,9,49,2600,2651.71,0.09,0.6,0.1253,Active,0.99,1.08323254086816
L,740,9,89,900,929.2,0.07,0.5,0.1022,Active,0.73,0.782930972315578
L,741,9,89,3200,3280.46,0.04,0.4,0.0792,Active,0.95,0.988770235482769
L,742,9,109,2400,2479.05,0.06,0.3,0.083,Active,0.13,0.138038751050897
L,743,9,139,1600,1696.65,0.18,0.2,0.1171,Active,0.89,1.06552345317841
L,744,9,89,7100,7400.45,0.1,0.6,0.1333,Active,0.39,0.431016658049503
L,745,9,79,2100,2163.41,0.08,0.5,0.1087,Active,0.74,0.801632430079469
L,746,9,79,8600,8879.98,0.07,0.7,0.1172,Active,0.54,0.579154417877277
L,747,9,59,5900,6106.62,0.15,0.6,0.1765,Active,0.71,0.824902312337081
L,748,9,29,3300,3332.35,0.15,0.3,0.1235,Active,0.94,1.09212418816459
L,749,9,79,4900,5044.14,0.15,0.2,0.1059,Active,1,1.16183424272828
L,750,9,109,4400,4511.05,0.01,0.3,0.0636,Active,0.61,0.616130601921342
L,751,9,109,4300,4435.14,0.04,0.4,0.0792,Active,0.43,0.447548632902727
L,752,9,159,9200,9640.29,0.03,0.6,0.0804,Active,0.42,0.432790904260477
L,753,9,29,3300,3327.74,0.15,0.2,0.1059,Active,0.74,0.859757339618929
L,754,9,39,2800,2855.57,0.16,0.5,0.1667,Active,0.8,0.938808696793448
L,755,9,69,8900,9045.58,0.01,0.8,0.0687,Active,0.45,0.454522575187876
L,756,9,59,6900,7111.11,0.17,0.4,0.1542,Active,0.73,0.865272541463867
L,757,9,109,2500,2574.4,0.04,0.3,0.075,Active,0.7,0.728567541934672
L,758,9,99,8600,9112.01,0.16,0.5,0.1667,Active,0.35,0.410728804847134
L,759,9,69,9400,9595.83,0.04,0.6,0.0875,Active,0.76,0.791016188386215
L,760,9,139,6100,6397.69,0.07,0.4,0.0946,Active,0.95,1.01888277219151
L,824,10,130,3000,3096.71,0.01,0.7,0.0677,Active,0.55,0.555527591896292
L,825,10,40,4200,4231.8,0.01,0.3,0.0636,Active,0.19,0.191909531745992
L,826,10,110,4800,4958.67,0.04,0.5,0.0833,Active,0.02,0.0208162154838478
L,827,10,100,4500,4618.13,0.02,0.6,0.0735,Active,0.57,0.581514763815251
L,828,10,90,9800,10266.67,0.2,0.3,0.15,Active,0.2,0.244280551632034
L,829,10,50,7500,7644.05,0.19,0.2,0.121,Active,0.8,0.967399678125801
L,830,10,140,5900,6135.27,0.03,0.5,0.0773,Active,0.44,0.453399994939547
L,831,10,150,6700,7129.54,0.09,0.5,0.1154,Active,0.71,0.776863741430699
L,832,10,90,1800,1852.63,0.11,0.2,0.0921,Active,0.3,0.334883421137661
L,833,10,100,9600,10200,0.2,0.4,0.175,Active,0.79,0.964908178946534
L,834,10,70,8000,8390.29,0.18,0.6,0.2049,Active,0.99,1.18524518949059
L,835,10,120,9000,9523.68,0.1,0.6,0.1333,Active,0.37,0.40891323968799
L,836,10,100,2900,3165.76,0.17,0.9,0.2566,Active,0.79,0.936390832543089
L,837,10,140,1100,1180.13,0.15,0.4,0.1412,Active,0.57,0.662245518355121
L,838,10,70,4900,5041.17,0.19,0.2,0.121,Active,1,1.20924959765725
L,839,10,50,5600,5737.07,0.17,0.4,0.1542,Active,0.64,0.758595104845034
L,840,10,130,5300,5678.57,0.2,0.3,0.15,Active,0.28,0.341992772284848
L,841,10,70,1500,1535.71,0.1,0.3,0.1,Active,0.35,0.386809821326477
L,842,10,90,2700,2787.51,0.06,0.6,0.1021,Active,0.43,0.456589715014505
L,843,10,40,2800,2825.53,0.06,0.2,0.0766,Active,0.8,0.849469237236288
L,844,10,60,300,303.97,0.01,0.6,0.0667,Active,0.39,0.393919565162826
L,845,10,130,5000,5476.19,0.2,0.5,0.2,Active,0.48,0.586273323916881
L,846,10,100,8100,8508.47,0.15,0.4,0.1412,Active,0.59,0.685482203209687
L,847,10,80,4000,4070.67,0.01,0.3,0.0636,Active,0.46,0.464623076858717
L,848,10,80,5500,5632.31,0.03,0.8,0.0866,Active,0.71,0.731622719106997
L,849,10,130,6700,6902.91,0.01,0.3,0.0636,Active,1,1.01005016708417
L,850,10,40,5900,5944.67,0.01,0.3,0.0636,Active,0.56,0.565628093567134
L,851,10,160,6000,6389.64,0.12,0.3,0.1091,Active,0.54,0.608848299852863
L,852,10,70,7200,7410.34,0.12,0.4,0.1227,Active,0.91,1.02602213493723
L,853,10,50,800,814.91,0.08,0.6,0.1174,Active,0.89,0.964125490230713
L,854,10,90,5200,5600.98,0.16,0.9,0.2429,Active,0.58,0.68063630517525
L,855,10,50,3300,3343.27,0.08,0.2,0.0826,Active,0.73,0.79079955940272
L,856,10,90,3400,3480.09,0.03,0.4,0.0742,Active,0.68,0.700709083088392
L,857,10,140,3900,4190.52,0.19,0.3,0.1444,Active,0.74,0.894844702266366
L,858,10,140,9100,9569.44,0.08,0.4,0.1,Active,0.25,0.27082176691874
L,859,10,60,1100,1114.69,0.02,0.3,0.0673,Active,0.19,0.193838254605084
L,860,10,30,1300,1312.06,0.11,0.4,0.1169,Active,0.71,0.792557430025799
L,861,10,60,6000,6160.6,0.14,0.4,0.1349,Active,0.12,0.138032855862867
L,862,10,60,4200,4262.92,0.02,0.7,0.0755,Active,0.18,0.183636241204816
L,863,10,120,700,727.9,0.08,0.3,0.0913,Active,0.06,0.0649972240604975
L,864,10,120,10000,10606.75,0.18,0.3,0.139,Active,0.16,0.19155477809949
L,865,10,140,4800,5089.47,0.11,0.4,0.1169,Active,0.56,0.625115719456968
L,866,10,30,3700,3724.26,0.08,0.2,0.0826,Active,0.37,0.400816215039735
L,867,10,130,4300,4691.91,0.19,0.5,0.1914,Active,0.48,0.580439806875481
L,868,10,70,7300,7473.81,0.08,0.4,0.1,Active,0.19,0.205824542858242
L,869,10,90,4500,4778.86,0.17,0.6,0.1952,Active,0.31,0.367444503909313
L,870,10,120,1600,1673.68,0.09,0.4,0.1055,Active,0.99,1.08323254086816
L,871,10,150,1400,1484.39,0.06,0.7,0.1085,Active,0.34,0.361024425825422
L,872,10,120,1900,1982.94,0.04,0.9,0.1,Active,0.94,0.978362127740845
L,873,10,40,2100,2125,0.05,0.7,0.1,Active,0.63,0.662300790716895
L,874,10,90,7400,7595.69,0.04,0.5,0.0833,Active,0.32,0.333059447741564
L,875,10,80,3700,3931.25,0.2,0.6,0.225,Active,0.6,0.732841654896102
L,876,10,50,3500,3555.56,0.08,0.4,0.1,Active,0.27,0.292487508272239
L,877,10,90,900,935.8,0.09,0.6,0.1253,Active,0.3,0.328252285111563
L,878,10,30,9200,9269.73,0.12,0.2,0.0955,Active,0.47,0.529923520242307
L,879,10,100,6900,7331.25,0.2,0.4,0.175,Active,0.76,0.928266096201729
L,880,10,40,10000,10119.05,0.1,0.3,0.1,Active,0.16,0.176827346892104
L,881,10,100,5500,5700.95,0.14,0.2,0.1023,Active,0.58,0.667158803337192
L,882,10,150,9800,10707.59,0.16,0.5,0.1667,Active,0.13,0.152556413228935
L,883,10,110,2700,2879.89,0.19,0.4,0.1679,Active,0.17,0.205572431601733
L,884,10,160,200,220.83,0.2,0.4,0.175,Active,0.53,0.64734346182489
L,885,10,120,8500,8940.04,0.14,0.3,0.1186,Active,0.97,1.11576558489151
L,886,10,140,6600,7089.26,0.13,0.5,0.1437,Active,0.46,0.523861056329326
L,887,10,130,700,731.83,0.12,0.2,0.0955,Active,0.57,0.642673205400244
L,888,10,80,3800,3943.98,0.12,0.5,0.1364,Active,0.17,0.191674464768494
L,889,10,30,8400,8490.93,0.12,0.5,0.1364,Active,0.78,0.879447544231913
L,890,10,30,5500,5549.67,0.13,0.3,0.1138,Active,1,1.13882838332462
L,891,10,40,5800,5884.72,0.12,0.4,0.1227,Active,0.65,0.732872953526594
L,892,10,40,9500,9634.13,0.14,0.3,0.1186,Active,0.7,0.805191659200059
L,893,10,70,2500,2567.74,0.13,0.3,0.1138,Active,0.28,0.318871947330894
L,894,10,50,6600,6794.54,0.16,0.6,0.1857,Active,0.71,0.833192718404185
L,895,10,160,3800,4085.23,0.08,0.7,0.1261,Active,0.7,0.758300947372471
L,896,10,150,8000,8510.67,0.06,0.8,0.1149,Active,0.08,0.0849469237236288
L,897,10,50,6500,6598.84,0.04,0.8,0.0958,Active,0.7,0.728567541934672
L,898,10,120,1000,1049.46,0.17,0.2,0.1133,Active,0.24,0.284473164316888
L,899,10,60,7900,8141.23,0.11,0.7,0.1539,Active,1,1.11627807045887
L,900,10,120,1200,1302.25,0.17,0.6,0.1952,Active,0.57,0.675623765252608
L,901,10,150,9100,9984.72,0.2,0.4,0.175,Active,0.78,0.952694151364933
L,902,10,40,2800,2831.53,0.07,0.4,0.0946,Active,0.95,1.01888277219151
L,932,11,61,600,611.38,0.09,0.3,0.0956,Active,0.64,0.700271541571335
L,933,11,151,300,315.77,0.07,0.4,0.0946,Active,0.13,0.139426063563048
L,934,11,121,4200,4491.13,0.15,0.5,0.1588,Active,0.92,1.06888750331002
L,935,11,51,6000,6103.52,0.08,0.5,0.1087,Active,0.54,0.584975016544478
L,936,11,91,5000,5136.03,0.09,0.2,0.0857,Active,0.97,1.06134905519405
L,937,11,121,2100,2178.56,0.09,0.2,0.0857,Active,0.08,0.0875339426964168
L,938,11,131,7100,7510.11,0.06,0.9,0.1213,Active,0.53,0.562773369669041
L,939,11,81,6500,6622.24,0.01,0.7,0.0677,Active,0.03,0.030301505012525
L,960,12,112,3600,3692.29,0.01,0.4,0.0646,Active,0.57,0.575728595237976
L,961,12,52,4300,4420.47,0.15,0.6,0.1765,Active,0.77,0.894612366900778
L,962,12,42,6900,6968.92,0.13,0.1,0.0839,Active,0.75,0.854121287493466
L,963,12,32,4500,4536.5,0.07,0.5,0.1022,Active,0.72,0.772205890503036
L,964,12,102,200,205.06,0.04,0.2,0.0708,Active,0.93,0.967954019998921
L,965,12,102,9600,10229.83,0.14,0.7,0.1837,Active,0.16,0.184043807817156
L,966,12,122,700,725.73,0.05,0.4,0.0842,Active,0.13,0.136665242528883
L,967,12,42,1900,1915.31,0.01,0.7,0.0677,Active,0.75,0.757537625313126
L,968,12,162,5400,6090.43,0.19,0.6,0.2148,Active,0.58,0.701364766641206
L,969,12,162,1500,1633.93,0.12,0.6,0.15,Active,0.85,0.958372323842469
L,970,12,112,1100,1176.26,0.17,0.5,0.1747,Active,1,1.18530485132037
L,971,12,132,3000,3190.43,0.1,0.6,0.1333,Active,0.69,0.762567933472197
L,972,12,152,4800,5112.53,0.07,0.7,0.1172,Active,0.89,0.954532281316253
L,973,12,52,7500,7637.86,0.05,1,0.1158,Active,0.05,0.0525635548188012
L,974,12,112,2500,2673.31,0.17,0.5,0.1747,Active,0.74,0.87712558997707
L,975,12,152,4600,4812.11,0.06,0.3,0.083,Active,0.79,0.838850871770834
L,976,12,92,300,308.51,0.06,0.4,0.0894,Active,0.06,0.0637101927927216
L,977,12,132,700,736.57,0.07,0.6,0.1097,Active,0.49,0.525529008814566
L,978,12,72,5500,5614.58,0.04,0.6,0.0875,Active,0.66,0.686935110966976
L,979,12,152,4700,5198.72,0.11,1,0.191,Active,0.84,0.937673579185452
L,980,12,72,8700,8997.66,0.13,0.5,0.1437,Active,0.36,0.409978217996864
L,981,12,102,9600,10236.69,0.16,0.6,0.1857,Active,0.81,0.950543805503366
L,982,12,132,7600,7833.79,0.01,0.4,0.0646,Active,0.11,0.111105518379258
L,983,12,92,4300,4451.66,0.1,0.4,0.1111,Active,0.83,0.917291862002788
L,984,12,72,8000,8153.14,0.03,0.6,0.0804,Active,0.67,0.690404537748856
L,985,12,52,9900,10064.21,0.11,0.3,0.1045,Active,0.65,0.725580745798266
L,986,12,102,8400,8957.1,0.16,0.6,0.1857,Active,0.38,0.445934130976888
L,987,12,92,8600,9099.35,0.18,0.5,0.1829,Active,0.34,0.407053903461415
L,988,12,42,1300,1312.85,0.06,0.3,0.083,Active,0.96,1.01936308468355
L,989,12,162,300,311.91,0.01,0.6,0.0667,Active,0.3,0.30301505012525
L,990,12,132,9000,9831.86,0.15,0.7,0.1941,Active,0.57,0.662245518355121
L,991,12,152,2900,3002.47,0.01,0.3,0.0636,Active,0.29,0.292914548454409
L,992,12,92,6200,6624.55,0.17,0.7,0.2157,Active,0.79,0.936390832543089
L,993,12,142,4300,4632.74,0.2,0.3,0.15,Active,0.4,0.488561103264068
L,994,12,162,4400,4836.6,0.16,0.5,0.1667,Active,0.25,0.293377717747953
L,995,12,162,9300,10222.8,0.16,0.5,0.1667,Active,0.88,1.03268956647279
L,996,12,52,1400,1426.04,0.07,0.7,0.1172,Active,0.98,1.05105801762913
L,997,12,42,7100,7226.79,0.2,0.3,0.15,Active,0.53,0.64734346182489
L,998,12,72,4100,4177.31,0.04,0.4,0.0792,Active,0.02,0.0208162154838478
L,999,12,72,2200,2330.95,0.2,0.7,0.25,Active,0.98,1.19697470299697
L,1000,12,162,4600,5014,0.14,0.5,0.1512,Active,1,1.15027379885723
L,1001,12,152,3500,3799.83,0.17,0.4,0.1542,Active,0.03,0.035559145539611
L,1002,12,32,1600,1617.13,0.14,0.4,0.1349,Active,0.4,0.460109519542891
L,1003,12,162,1500,1563.21,0.04,0.2,0.0708,Active,0.32,0.333059447741564
L,1004,12,82,4000,4121.22,0.12,0.3,0.1091,Active,0.83,0.935822386810882
L,1005,12,152,400,431.47,0.11,0.6,0.1416,Active,0.18,0.200930052682597
L,1006,12,142,8600,8914.1,0.04,0.2,0.0708,Active,0.81,0.843056727095834
L,1007,12,82,8800,9066.69,0.12,0.3,0.1091,Active,0.69,0.777972827589769
L,1008,12,152,3800,4139.89,0.18,0.4,0.161,Active,0.72,0.861996501447703
L,1009,12,62,8400,8639.5,0.13,0.5,0.1437,Active,0.54,0.614967326995296
L,1010,12,52,5400,5581.54,0.15,0.8,0.2118,Active,0.17,0.197511821263808
L,1011,12,62,7900,8024.14,0.04,0.4,0.0792,Active,0.51,0.530813494838118
L,1012,12,42,5200,5339.29,0.2,0.6,0.225,Active,0.88,1.07483442718095
L,1013,12,92,5700,5955.5,0.15,0.4,0.1412,Active,0.69,0.801665627482515
L,1014,12,162,600,629.64,0.06,0.3,0.083,Active,0.5,0.53091827327268
L,1015,12,142,700,740.91,0.17,0.2,0.1133,Active,0.08,0.0948243881056292
L,1016,12,152,3200,3375.82,0.13,0.2,0.0989,Active,0.83,0.945227558159436
L,1017,12,112,3700,3907.9,0.11,0.6,0.1416,Active,0.82,0.915348017776274
L,1018,12,62,1500,1526.64,0.05,0.5,0.0895,Active,0.04,0.042050843855041
L,1019,12,52,1700,1733.11,0.12,0.4,0.1227,Active,0.68,0.766697859073976
L,1066,13,43,3200,3236.42,0.09,0.3,0.0956,Active,0.98,1.07229079803111
L,1067,13,63,3600,3649.57,0.02,0.4,0.0694,Active,0.58,0.591716777215518
L,1068,13,143,7300,7957.9,0.17,0.5,0.1747,Active,0.23,0.272620115803684
L,1069,13,93,4400,4528.65,0.11,0.2,0.0921,Active,0.04,0.0446511228183549
L,1070,13,113,4200,4559.5,0.17,0.7,0.2157,Active,0.62,0.734889007818627
L,1071,13,63,900,934.66,0.15,0.7,0.1941,Active,0.57,0.662245518355121
L,1072,13,83,7200,7482.4,0.15,0.4,0.1412,Active,0.37,0.429878669809465
L,1073,13,113,5600,6033.78,0.17,0.6,0.1952,Active,0.85,1.00750912362231
L,1074,13,83,8400,8676.73,0.14,0.3,0.1186,Active,0.41,0.471612257531463
L,1075,13,43,2300,2324.34,0.1,0.2,0.0889,Active,0.06,0.0663102550845389
L,1076,13,153,7400,8286.77,0.17,0.7,0.2157,Active,0.71,0.841566444437459
L,1077,13,103,9000,9287.68,0.05,0.5,0.0895,Active,0.92,0.967169408665942
L,1078,13,133,5700,5893.8,0.02,0.5,0.0714,Active,0.15,0.153030201004013
L,1079,13,73,8700,8945.67,0.14,0.3,0.1186,Active,0.8,0.920219039085782
L,1080,13,133,8500,8835.95,0.06,0.3,0.083,Active,0.4,0.424734618618144
L,1081,13,113,6600,7162.57,0.19,0.6,0.2148,Active,0.58,0.701364766641206
L,1082,13,153,3600,3934.8,0.14,0.6,0.1674,Active,0.57,0.65565606534862
L,1083,13,103,4800,5038.29,0.18,0.3,0.139,Active,0.06,0.0718330417873086
L,1084,13,83,8100,8450.1,0.1,0.8,0.1556,Active,0.64,0.707309387568415
L,1085,13,103,9500,9741.23,0.03,0.3,0.0711,Active,0.08,0.0824363627162814
L,1086,13,143,1500,1584.11,0.08,0.5,0.1087,Active,0.46,0.498312051130481
L,1087,13,43,8600,8676.79,0.04,0.3,0.075,Active,0.12,0.124897292903087
L,1088,13,163,1500,1570.71,0.04,0.4,0.0792,Active,0.36,0.37469187870926
L,1089,13,103,700,729.23,0.11,0.4,0.1169,Active,0.84,0.937673579185452
L,1090,13,43,3100,3132.14,0.07,0.3,0.0871,Active,0.13,0.139426063563048
L,1091,13,73,9200,9566.69,0.14,0.6,0.1674,Active,0.24,0.276065711725735
L,1092,13,73,500,512.61,0.15,0.2,0.1059,Active,0.23,0.267221875827505
L,1093,13,143,6300,6653.28,0.08,0.5,0.1087,Active,0.14,0.151660189474494
L,1094,13,93,9300,9693.55,0.1,0.6,0.1333,Active,0.04,0.0442068367230259
L,1095,13,133,9700,10046.43,0.04,0.3,0.075,Active,0.38,0.395508094193108
L,1096,13,63,9500,9699.61,0.15,0.2,0.1059,Active,0.79,0.917849051755344
L,1097,13,53,6100,6269.44,0.2,0.4,0.175,Active,0.03,0.0366420827448051
L,1098,13,113,1700,1750.6,0.04,0.3,0.075,Active,0.69,0.718159434192748
L,1099,13,73,1600,1624.61,0.01,0.4,0.0646,Active,0.01,0.0101005016708417
L,1100,13,63,5800,5881.82,0.03,0.3,0.0711,Active,0.49,0.504922721637223
L,1101,13,63,3800,3908.87,0.19,0.3,0.1444,Active,0.11,0.133017455742298
L,1102,13,153,800,859.24,0.1,0.6,0.1333,Active,0.63,0.696257678387658
L,1103,13,43,8400,8471.1,0.03,0.3,0.0711,Active,0.85,0.875886353860489
L,1104,13,43,2900,2921.61,0.01,0.2,0.0626,Active,0.55,0.555527591896292
L,1105,13,73,8900,9077.79,0.13,0.1,0.0839,Active,0.46,0.523861056329326
L,1106,13,103,8900,9159.37,0.02,1,0.0816,Active,0.33,0.336666442208829
L,1107,13,133,4700,5045.11,0.17,0.4,0.1542,Active,0.83,0.983803026595903
L,1108,13,53,8300,8444.53,0.07,0.6,0.1097,Active,0.16,0.171601309000675
L,1109,13,53,6600,6678.57,0.04,0.3,0.075,Active,0.66,0.686935110966976
L,1110,13,33,2600,2614.32,0.02,0.4,0.0694,Active,0.78,0.79575704522087
L,1111,13,143,6100,6349.23,0.04,0.4,0.0792,Active,0.43,0.447548632902727
L,1174,14,74,2500,2572.74,0.1,0.5,0.1222,Active,0.77,0.850981606918249
L,1175,14,134,7300,7521.09,0.01,0.3,0.0636,Active,0.95,0.95954765872996
L,1176,14,134,5000,5219.29,0.11,0.2,0.0921,Active,0.46,0.513487912411081
L,1177,14,54,8300,8528.71,0.13,0.7,0.1736,Active,0.07,0.0797179868327235
L,1178,14,44,5900,5980.7,0.06,0.8,0.1149,Active,0.75,0.79637740990902
L,1179,14,134,6900,7243.36,0.11,0.3,0.1045,Active,0.44,0.491162351001903
L,1180,14,74,1800,1896.43,0.2,0.6,0.225,Active,0.36,0.439704992937661
L,1181,14,144,7000,7660.47,0.18,0.5,0.1829,Active,0.19,0.227471298993144
L,1182,14,134,8800,9444.91,0.11,0.7,0.1539,Active,0.86,0.959999140594629
L,1183,14,84,6000,6188.83,0.17,0.2,0.1133,Active,0.02,0.0237060970264073
L,1184,14,124,4400,4658.9,0.08,0.8,0.1348,Active,0.72,0.77996668872597
L,1185,14,114,9500,9782.74,0.04,0.3,0.075,Active,0.35,0.364283770967336
L,1186,14,144,8000,8489.46,0.14,0.3,0.1186,Active,0.22,0.25306023574859
L,1187,14,74,8200,8346.43,0.04,0.3,0.075,Active,0.5,0.520405387096194
L,1188,14,54,1500,1530.62,0.16,0.3,0.1286,Active,0.11,0.129086195809099
L,1189,14,144,300,315.31,0.13,0.2,0.0989,Active,0.59,0.671908746161527
L,1190,14,124,4000,4144.22,0.08,0.2,0.0826,Active,0.39,0.422481956393234
L,1191,14,154,3900,4097.82,0.08,0.3,0.0913,Active,0.2,0.216657413534992
L,1192,14,84,6200,6398.74,0.09,0.5,0.1154,Active,0.64,0.700271541571335
L,1193,14,34,6900,6984.44,0.17,0.4,0.1542,Active,0.32,0.379297552422517
L,1194,14,164,2000,2165.48,0.18,0.3,0.139,Active,0.35,0.419026077092634
L,1195,14,144,1700,1829.44,0.16,0.4,0.1476,Active,0.04,0.0469404348396724
L,1196,14,84,3000,3139.92,0.19,0.4,0.1679,Active,0.35,0.423237359180038
L,1197,14,34,5900,5993.65,0.14,0.8,0.2,Active,0.83,0.954727253051499
L,1198,14,154,300,319.53,0.07,0.7,0.1172,Active,0.69,0.740030645065409
L,1199,14,94,8100,8528.66,0.16,0.5,0.1667,Active,0.26,0.305112826457871
L,1200,14,164,6600,7001.5,0.07,0.5,0.1022,Active,0.6,0.64350490875253
L,1201,14,94,3500,3579.33,0.02,0.5,0.0714,Active,0.26,0.265252348406956
L,1202,14,54,2300,2323.22,0.01,0.3,0.0636,Active,0.64,0.646432106933868
L,1203,14,164,3100,3315.71,0.11,0.4,0.1169,Active,0.62,0.6920924036845
L,1204,14,74,2400,2480.69,0.15,0.4,0.1412,Active,0.05,0.0580917121364142
L,1205,14,164,5700,6046.75,0.07,0.5,0.1022,Active,0.01,0.0107250818125422
L,1206,14,94,8100,8314.71,0.03,0.7,0.0835,Active,0.94,0.968627261916306
L,1207,14,94,4200,4411.47,0.13,0.6,0.1586,Active,0.76,0.865509571326713
L,1208,14,54,9500,9644.16,0.09,0.3,0.0956,Active,0.82,0.897222912638272
L,1209,14,44,9400,9511.9,0.1,0.3,0.1,Active,0.62,0.685205969206902
L,1210,14,34,5900,5941.86,0.06,0.4,0.0894,Active,0.06,0.0637101927927216
L,1211,14,124,1300,1403.79,0.18,0.5,0.1829,Active,0.65,0.778191286029177
L,1212,14,104,1000,1023.46,0.01,0.5,0.0657,Active,0.47,0.474723578529559
L,1213,14,144,900,935.05,0.02,0.7,0.0755,Active,0.47,0.479494629812575
L,1214,14,144,1800,1969.84,0.18,0.5,0.1829,Active,0.76,0.909885195972576
L,1215,14,54,5900,6009.67,0.18,0.2,0.1171,Active,0.55,0.658469549716996
L,1216,14,104,5300,5628.6,0.13,0.7,0.1736,Active,0.89,1.01355726115891
L,1217,14,54,3900,3955.4,0.05,0.5,0.0895,Active,0.83,0.8725550099921
L,1218,14,164,7200,7667.57,0.12,0.3,0.1091,Active,0.39,0.439723772115957
L,1219,14,84,900,917.55,0.06,0.1,0.0702,Active,0.61,0.647720293392669
L,1220,14,44,2600,2624.42,0.05,0.3,0.0789,Active,0.4,0.42050843855041
L,1221,14,44,3300,3349.54,0.08,0.7,0.1261,Active,0.9,0.974958360907463
L,1222,14,44,4200,4239.6,0.04,0.4,0.0792,Active,0.58,0.603670249031585
L,1223,14,44,6100,6186.13,0.14,0.3,0.1186,Active,0.13,0.14953559385144
L,1224,14,124,7200,7749.06,0.17,0.5,0.1747,Active,0.07,0.0829713395924256
L,1225,14,144,5600,5994.04,0.12,0.5,0.1364,Active,0.97,1.09367194603199
L,1226,14,124,1800,1901.51,0.11,0.5,0.1292,Active,0.79,0.881859675662508
L,1227,14,144,3200,3402.55,0.12,0.4,0.1227,Active,0.34,0.383348929536988
L,1228,14,74,700,721.45,0.13,0.4,0.1287,Active,0.01,0.0113882838332462
L,1229,14,44,8100,8221.6,0.08,0.7,0.1261,Active,0.55,0.595807887221227
L,1230,14,134,5300,5567.27,0.15,0.2,0.1059,Active,0.5,0.580917121364142
L,1231,14,34,100,101.15,0.19,0.3,0.1444,Active,0.67,0.810197230430359
L,1260,15,145,4100,4426.15,0.17,0.4,0.1542,Active,0.38,0.450415843501739
L,1261,15,165,4500,4858.12,0.17,0.3,0.1337,Active,0.77,0.912684735516681
L,1262,15,85,2800,2873.66,0.05,0.6,0.0947,Active,0.76,0.798966033245778
L,1263,15,95,7500,8013.57,0.17,0.7,0.2157,Active,0.94,1.11418656024114
L,1264,15,105,4100,4385.83,0.17,0.6,0.1952,Active,0.46,0.545240231607368
L,1265,15,85,3400,3507.48,0.13,0.3,0.1138,Active,0.74,0.84273300366022
L,1266,15,95,8000,8520.38,0.18,0.6,0.2049,Active,0.27,0.323248688042889
L,1267,15,145,5400,5663.53,0.07,0.4,0.0946,Active,0.04,0.0429003272501687
L,1268,15,45,2200,2229.8,0.13,0.3,0.1138,Active,0.7,0.797179868327235
L,1269,15,65,3800,3901.71,0.14,0.4,0.1349,Active,0.1,0.115027379885723
L,1270,15,65,4300,4415.09,0.14,0.4,0.1349,Active,0.66,0.75918070724577
L,1271,15,65,8600,8819.44,0.16,0.3,0.1286,Active,0.67,0.786252283564513
L,1272,15,165,300,344.64,0.2,0.7,0.25,Active,0.85,1.03819234443614
L,1273,15,115,1600,1656.76,0.06,0.4,0.0894,Active,0.27,0.286695867567247
L,1274,15,75,4200,4283,0.06,0.3,0.083,Active,0.22,0.233604040239979
L,1275,15,65,7400,7546.83,0.08,0.4,0.1,Active,0.45,0.487479180453731
L,1276,15,45,2900,2944.6,0.11,0.5,0.1292,Active,0.27,0.301395079023895
L,1277,15,65,7300,7469.32,0.11,0.4,0.1169,Active,0.95,1.06046416693593
L,1278,15,125,1100,1152.58,0.16,0.2,0.1095,Active,0.66,0.774517174854595
L,1279,15,75,2900,2975.33,0.12,0.3,0.1091,Active,0.68,0.766697859073976
L,1280,15,145,4600,4787.94,0.04,0.4,0.0792,Active,0.19,0.197754047096554
L,1373,16,136,4500,4858.71,0.14,0.6,0.1674,Active,0.35,0.40259582960003
L,1374,16,96,1100,1144.91,0.16,0.3,0.1286,Active,0.53,0.621960761625659
L,1375,16,56,5300,5375.29,0.05,0.5,0.0895,Active,0.01,0.0105127109637602
L,1376,16,146,2000,2133.3,0.11,0.5,0.1292,Active,0.6,0.669766842275323
L,1377,16,36,3700,3749.3,0.19,0.4,0.1679,Active,0.59,0.713457262617778
L,1378,16,136,6600,6831,0.02,0.6,0.0735,Active,0.18,0.183636241204816
L,1379,16,46,3600,3645.39,0.15,0.2,0.1059,Active,0.68,0.790047285055233
L,1380,16,106,2900,3052.87,0.16,0.4,0.1476,Active,0.91,1.06789489260255
L,1381,16,66,9100,9318.47,0.19,0.2,0.121,Active,0.18,0.217664927578305
L,1382,16,116,4400,4703.11,0.13,0.7,0.1736,Active,0.37,0.42136650183011
L,1383,16,66,9600,9735.43,0.03,0.3,0.0711,Active,0.77,0.793449991144208
L,1384,16,136,6600,6968.97,0.08,0.6,0.1174,Active,0.67,0.725802335342222
L,1385,16,136,7100,7394.48,0.07,0.3,0.0871,Active,0.74,0.79365605412812
L,1386,16,106,7400,7883.38,0.18,0.5,0.1829,Active,0.84,1.00566258502232
L,1387,16,56,300,307.67,0.18,0.4,0.161,Active,0.48,0.574664334298469
L,1388,16,56,3600,3651.14,0.05,0.5,0.0895,Active,0.79,0.830504166137059
L,1389,16,96,2700,2795.23,0.1,0.4,0.1111,Active,0.48,0.530482040676311
L,1390,16,106,3900,4051.96,0.12,0.3,0.1091,Active,0.22,0.248049307347463
L,1391,16,66,8900,9297.32,0.2,0.6,0.225,Active,0.48,0.586273323916881
L,1392,16,156,8400,8760.73,0.03,0.5,0.0773,Active,0.16,0.164872725432563
L,1393,16,76,9600,10037.49,0.19,0.5,0.1914,Active,0.47,0.568347310898908
L,1394,16,36,7600,7643.07,0.02,0.5,0.0714,Active,0.12,0.122424160803211
L,1395,16,86,9000,9210.5,0.05,0.4,0.0842,Active,0.08,0.0841016877100819
L,1396,16,116,4400,4625.59,0.11,0.5,0.1292,Active,0.7,0.78139464932121
L,1397,16,156,1500,1559.5,0.02,0.5,0.0714,Active,0.14,0.142828187603746
L,1398,16,106,600,621.43,0.08,0.4,0.1,Active,0.02,0.0216657413534992
L,1399,16,96,1400,1449.38,0.1,0.4,0.1111,Active,0.14,0.154723928530591
L,1494,18,168,4900,5289.96,0.17,0.3,0.1337,Active,0.97,1.14974570578075
L,1495,18,98,4700,4818.17,0.04,0.4,0.0792,Active,0.85,0.88468915806353
L,1496,18,38,1400,1412.06,0.06,0.7,0.1085,Active,0.03,0.0318550963963608
L,1497,18,58,6600,6735.35,0.11,0.5,0.1292,Active,0.01,0.0111627807045887
L,1498,18,168,9000,9478.93,0.06,0.4,0.0894,Active,0.78,0.828232506305381
L,1499,18,68,8500,8829.21,0.17,0.6,0.1952,Active,0.14,0.165942679184851
L,1500,18,38,4900,4928.66,0.05,0.2,0.0737,Active,0.29,0.304868617949047
L,1501,18,168,6600,6862.04,0.04,0.1,0.0667,Active,0.33,0.343467555483488
L,1502,18,138,8000,8672.38,0.15,0.6,0.1765,Active,0.54,0.627390491073273
L,1503,18,58,3700,3793.15,0.13,0.6,0.1586,Active,0.18,0.204989108998432
L,1504,18,168,300,314.36,0.03,0.6,0.0804,Active,0.19,0.195786361451168
L,1505,18,68,200,204.35,0.07,0.6,0.1097,Active,0.79,0.847281463190831
L,1506,18,38,4300,4340.47,0.14,0.3,0.1186,Active,0.22,0.25306023574859
L,1507,18,68,4900,5071.6,0.15,0.6,0.1765,Active,0.38,0.441497012236748
L,1508,18,88,3100,3177.07,0.05,0.5,0.0895,Active,0.21,0.220766930238965
L,1509,18,38,200,201.25,0.05,0.3,0.0789,Active,0.77,0.809478744209539
L,1510,18,38,8300,8358.89,0.06,0.4,0.0894,Active,0.36,0.382261156756329
L,1511,18,38,1100,1108.73,0.1,0.3,0.1,Active,0.55,0.607844004941606
L,1512,18,108,6400,6583.77,0.03,0.6,0.0804,Active,0.96,0.989236352595376
L,1513,18,138,1900,2023.41,0.12,0.5,0.1364,Active,0.8,0.901997481263501
L,1514,18,38,1300,1307.37,0.02,0.5,0.0714,Active,0.6,0.612120804016053
L,1515,18,118,4400,4661.9,0.2,0.3,0.15,Active,0.4,0.488561103264068
L,1567,19,119,3800,3963.91,0.08,0.5,0.1087,Active,0.95,1.02912271429121
L,1568,19,139,800,836.04,0.07,0.4,0.0946,Active,0.44,0.471903599751855
L,1569,19,159,6200,6529.63,0.06,0.5,0.0957,Active,0.82,0.870705968167195
L,1570,19,119,9500,9885.28,0.07,0.5,0.1022,Active,0.94,1.00815769037896
L,1571,19,159,3700,3839.78,0.03,0.2,0.068,Active,0.8,0.824363627162814
L,1572,19,129,700,729.24,0.06,0.5,0.0957,Active,0.71,0.753903948047205
L,1573,19,69,2400,2433.71,0.04,0.2,0.0708,Active,0.99,1.03040266645046
L,1574,19,129,900,935.87,0.08,0.3,0.0913,Active,0.56,0.606640757897977
L,1575,19,149,7400,7650.81,0.01,0.5,0.0657,Active,0.37,0.373718561821142
L,1576,19,159,1700,1819.09,0.08,0.7,0.1261,Active,0.51,0.552476404514229
L,1577,19,69,9800,9938.83,0.02,0.5,0.0714,Active,0.57,0.581514763815251
L,1578,19,109,6100,6263.39,0.04,0.3,0.075,Active,0.91,0.947137804515073
L,1579,19,69,3400,3450.93,0.02,0.7,0.0755,Active,0.95,0.969191273025418
L,1580,19,39,2300,2320.77,0.13,0.3,0.1138,Active,0.74,0.84273300366022
L,1581,19,69,5800,5953.86,0.17,0.3,0.1337,Active,0.44,0.521534134580961
L,1582,19,49,5200,5259.18,0.09,0.3,0.0956,Active,0.35,0.382960999296824
L,1583,19,159,5600,6268.27,0.19,0.6,0.2148,Active,0.79,0.955307182149229
L,1584,19,139,600,640.34,0.15,0.4,0.1412,Active,0.28,0.325313587963919
L,1585,19,169,5000,5202.38,0.03,0.2,0.068,Active,0.96,0.989236352595376
L,1586,19,39,7800,7899.67,0.18,0.4,0.161,Active,0.02,0.0239443472624362
L,1587,19,149,6500,6842.69,0.07,0.5,0.1022,Active,0.32,0.343202618001349
L,1588,19,149,3000,3138.51,0.05,0.5,0.0895,Active,0.33,0.346919461804088
L,1589,19,39,800,810.63,0.14,0.6,0.1674,Active,0.3,0.345082139657168
L,1590,19,99,4000,4155.81,0.12,0.4,0.1227,Active,0.65,0.732872953526594
L,1591,19,69,6000,6099.17,0.04,0.5,0.0833,Active,0.76,0.791016188386215
L,1592,19,149,900,958.18,0.09,0.6,0.1253,Active,0.31,0.339194027948615
L,1593,19,109,6200,6357.44,0.03,0.3,0.0711,Active,0.79,0.814059081823278
L,1594,19,159,1400,1516.67,0.2,0.3,0.15,Active,0.81,0.989336234109738
L,1595,19,79,9600,9894.17,0.13,0.4,0.1287,Active,0.3,0.341648514997387
L,1596,19,169,3000,3229.82,0.13,0.4,0.1287,Active,0.15,0.170824257498693
L,1597,19,139,300,326.13,0.18,0.5,0.1829,Active,0.43,0.514803466142378
L,1645,20,140,8900,9466.63,0.17,0.3,0.1337,Active,0.56,0.663770716739405
L,1646,20,120,200,207.59,0.09,0.3,0.0956,Active,0.51,0.558028884689657
L,1647,20,50,7200,7273.46,0.09,0.2,0.0857,Active,0.7,0.765921998593647
L,1648,20,100,7800,8149.64,0.15,0.4,0.1412,Active,0.05,0.0580917121364142
L,1649,20,90,5900,6213.68,0.19,0.5,0.1914,Active,0.65,0.786012238477213
L,1650,20,110,5100,5217.66,0.01,0.4,0.0646,Active,0.84,0.848442140350701
L,1651,20,50,4400,4432.79,0.01,0.2,0.0626,Active,0.23,0.232311538429359
L,1652,20,170,5500,5780.57,0.09,0.2,0.0857,Active,0.94,1.0285238266829
L,1653,20,100,2900,2997.5,0.15,0.2,0.1059,Active,0.4,0.464733697091313
L,1654,20,80,9400,9559.13,0.03,0.3,0.0711,Active,0.46,0.474009085618618
L,1655,20,140,10000,10661.9,0.18,0.3,0.139,Active,0.65,0.778191286029177
L,1656,20,90,7900,8039.57,0.01,0.3,0.0636,Active,0.57,0.575728595237976
L,1657,20,80,6700,6825.86,0.05,0.3,0.0789,Active,0.1,0.105127109637602
L,1658,20,160,9600,10157.33,0.11,0.3,0.1045,Active,0.75,0.837208552844154
L,1659,20,170,9100,9864.83,0.15,0.4,0.1412,Active,0.06,0.069710054563697
L,1660,20,70,2400,2458.19,0.1,0.5,0.1222,Active,0.56,0.618895714122363
L,1661,20,120,1100,1172.77,0.16,0.5,0.1667,Active,0.95,1.11483532744222
L,1662,20,170,4700,4909.82,0.04,0.3,0.075,Active,0.81,0.843056727095834
L,1663,20,110,3100,3256.33,0.15,0.4,0.1412,Active,0.69,0.801665627482515
L,1664,20,50,5900,6017.93,0.19,0.4,0.1679,Active,0.62,0.749734750547496
L,1665,20,110,3300,3420.57,0.14,0.2,0.1023,Active,0.8,0.920219039085782
L,1666,20,50,7900,7998.28,0.11,0.3,0.1045,Active,0.47,0.524650693115669
L,1667,20,110,4900,5032.12,0.02,0.7,0.0755,Active,0.12,0.122424160803211
L,1668,20,130,1500,1603.85,0.13,0.6,0.1586,Active,0.31,0.353036798830633
L,1669,20,170,7700,8024.5,0.04,0.2,0.0708,Active,0.13,0.13530540064501
L,1670,20,130,7700,7919.48,0.02,0.2,0.0653,Active,0.12,0.122424160803211
L,1671,20,120,9200,9536.24,0.11,0.2,0.0921,Active,0.79,0.881859675662508
L,1672,20,60,1500,1517.5,0.02,0.6,0.0735,Active,0.73,0.744746978219532
L,1673,20,130,1700,1795.5,0.13,0.4,0.1287,Active,0.25,0.284707095831155
L,1674,20,110,6900,7056.73,0.01,0.3,0.0636,Active,0.59,0.595929598579659
L,1675,20,50,9700,9860.51,0.18,0.3,0.139,Active,0.62,0.742274765135522
L,1676,20,80,1900,1966.77,0.16,0.4,0.1476,Active,0.91,1.06789489260255
L,1677,20,40,9200,9261.48,0.05,0.4,0.0842,Active,0.45,0.473071993369211
L,1678,20,60,400,404.67,0.02,0.6,0.0735,Active,0.49,0.49989865661311
L,1679,20,130,6300,6485.08,0.02,0.3,0.0673,Active,0.3,0.306060402008027
L,1680,20,90,2300,2380.05,0.09,0.6,0.1253,Active,0.49,0.536145399015553
L,1681,20,40,4200,4244.97,0.14,0.4,0.1349,Active,0.6,0.690164279314336
L,1682,20,100,2400,2475.35,0.13,0.2,0.0989,Active,0.24,0.273318811997909
L,1683,20,40,6000,6087.1,0.18,0.5,0.1829,Active,0.85,1.01763475865354
L,1684,20,130,7400,7815.72,0.13,0.4,0.1287,Active,0.56,0.637743894661788
L,1685,20,90,600,624.6,0.16,0.4,0.1476,Active,0.83,0.974014022923202
L,1686,20,150,300,320.69,0.17,0.3,0.1337,Active,0.39,0.462268892014943
L,1687,20,70,4400,4476.04,0.07,0.3,0.0871,Active,0.9,0.965257363128795
L,1688,20,150,7800,8160.13,0.05,0.5,0.0895,Active,0.53,0.557173681079293
L,1689,20,40,8700,8773.12,0.15,0.2,0.1059,Active,0.4,0.464733697091313
L,1690,20,50,7400,7473.12,0.06,0.3,0.083,Active,0.45,0.477826445945412
L,1691,20,40,3500,3526.56,0.09,0.3,0.0956,Active,0.58,0.634621084549022
L,1692,20,130,2700,2779.32,0.02,0.3,0.0673,Active,0.15,0.153030201004013
L,1693,20,80,6000,6107.14,0.04,0.3,0.075,Active,0.02,0.0208162154838478
L,1694,20,60,5200,5296.49,0.11,0.4,0.1169,Active,0.23,0.25674395620554
L,1695,20,100,2400,2450.06,0.01,0.5,0.0657,Active,0.4,0.404020066833667
L,1696,20,90,5300,5417.19,0.07,0.2,0.0796,Active,0.29,0.311027372563723
L,1697,20,130,7800,8022.33,0.02,0.2,0.0653,Active,0.7,0.714140938018729
L,1698,20,170,3900,4144.91,0.09,0.4,0.1055,Active,0.09,0.0984756855334689
L,1699,20,90,9400,9791.67,0.2,0.3,0.15,Active,0.57,0.696199572151297
L,1700,20,90,5300,5463.56,0.1,0.4,0.1111,Active,0.32,0.353654693784207
L,1701,20,170,9700,10142.27,0.06,0.2,0.0766,Active,0.6,0.637101927927216
L,1702,20,60,9200,9322.96,0.05,0.4,0.0842,Active,0.26,0.273330485057766
L,1703,20,40,10000,10073.65,0.17,0.1,0.0928,Active,0.72,0.853419492950663
L,1704,20,70,3800,3855.57,0.05,0.2,0.0737,Active,0.72,0.756915189390737
L,1705,20,100,500,522.92,0.19,0.3,0.1444,Active,0.76,0.919029694219511
L,1706,20,110,4500,4652.84,0.18,0.1,0.0951,Active,0.28,0.335220861674107
L,1707,20,130,100,106.27,0.13,0.5,0.1437,Active,0.73,0.831344719826974
L,1708,20,120,9900,10359.25,0.11,0.4,0.1169,Active,0.12,0.133953368455065
L,1709,20,60,2800,2831.6,0.03,0.3,0.0711,Active,0.19,0.195786361451168
L,1710,20,80,800,815.87,0.04,0.5,0.0833,Active,0.37,0.385099986451184
L,1752,21,51,5000,5069.58,0.11,0.4,0.1169,Active,0.79,0.881859675662508
L,1753,21,111,1800,1872.84,0.17,0.2,0.1133,Active,0.16,0.189648776211258
L,1754,21,51,3400,3435.98,0.1,0.2,0.0889,Active,0.31,0.342602984603451
L,1755,21,51,5300,5379.06,0.09,0.6,0.1253,Active,0.03,0.0328252285111563
L,1756,21,141,9100,9394.67,0.03,0.2,0.068,Active,0.25,0.257613633488379
L,1757,21,61,6700,6830.49,0.12,0.4,0.1227,Active,0.2,0.225499370315875
L,1844,22,102,7500,7727.38,0.12,0.2,0.0955,Active,0.93,1.04857207196882
L,1845,22,132,7500,7896.13,0.19,0.2,0.121,Active,0.88,1.06413964593838
L,1846,22,42,2200,2220.71,0.14,0.3,0.1186,Active,0.43,0.494617733508608
L,1945,23,173,5000,5326.49,0.07,0.6,0.1097,Active,0.29,0.311027372563723
L,1946,23,133,9300,9705.95,0.08,0.4,0.1,Active,0.19,0.205824542858242
L,1947,23,73,4000,4198.41,0.2,0.7,0.25,Active,0.23,0.280922634376839
L,1948,23,73,10000,10280.16,0.15,0.4,0.1412,Active,0.75,0.871375682046212
L,1949,23,93,8100,8380.58,0.07,0.8,0.1247,Active,0.74,0.79365605412812
L,1950,23,133,3100,3207.71,0.07,0.2,0.0796,Active,0.75,0.804381135940662
L,1951,23,103,1900,1948.01,0.07,0.2,0.0796,Active,0.18,0.193051472625759
L,1952,23,83,8000,8194.48,0.06,0.6,0.1021,Active,0.42,0.445971349549051
L,1953,23,93,600,617.03,0.07,0.5,0.1022,Active,0.91,0.975982444941337
L,1954,23,153,3100,3287.75,0.08,0.6,0.1174,Active,0.79,0.855796783463217
L,1955,23,63,2900,2962.79,0.12,0.5,0.1364,Active,0.35,0.394623898052781
L,1956,23,123,3700,3916.71,0.16,0.4,0.1476,Active,0.74,0.86839804453394
L,1957,23,163,5300,5838.54,0.18,0.5,0.1829,Active,0.16,0.19155477809949
L,1958,23,63,4300,4351.19,0.04,0.3,0.075,Active,0.48,0.499589171612346
L,1959,23,43,2500,2524.01,0.19,0.2,0.121,Active,0.03,0.0362774879297175
L,1960,23,63,9500,9613.1,0.04,0.3,0.075,Active,0.97,1.00958645096662
L,1961,23,53,5200,5354.76,0.2,0.7,0.25,Active,0.94,1.14811859267056
L,1962,23,123,3000,3082.62,0.02,0.4,0.0694,Active,0.9,0.91818120602408
L,1963,23,63,2700,2729.14,0.03,0.2,0.068,Active,0.99,1.02014998861398
L,1964,23,63,8900,9134.93,0.11,0.8,0.1663,Active,0.18,0.200930052682597
L,1965,23,163,4900,5293.09,0.19,0.3,0.1444,Active,0.89,1.07623214191495
L,1966,23,83,4300,4406.99,0.11,0.3,0.1045,Active,0.09,0.100465026341298
L,1967,23,53,7600,7686.4,0.12,0.2,0.0955,Active,0.34,0.383348929536988
L,1968,23,123,7000,7324.72,0.11,0.4,0.1169,Active,0.02,0.0223255614091774
L,1969,23,113,9600,9939.09,0.13,0.2,0.0989,Active,0.19,0.216377392831678
L,1970,23,43,2400,2413.54,0.03,0.3,0.0711,Active,0.57,0.587359084353505
L,1971,23,73,9800,9950.31,0.03,0.5,0.0773,Active,0.27,0.27822272416745
L,1972,23,173,9200,9772.26,0.11,0.3,0.1045,Active,0.11,0.122790587750476
L,1973,23,83,300,305.9,0.08,0.2,0.0826,Active,0.18,0.194991672181493
L,1974,23,143,2300,2428.03,0.11,0.4,0.1169,Active,0.44,0.491162351001903
L,1975,23,93,6600,6920.83,0.2,0.4,0.175,Active,0.27,0.329778744703246
L,1976,23,103,100,102.9,0.08,0.3,0.0913,Active,0.9,0.974958360907463
L,1977,23,163,4900,5209.79,0.13,0.3,0.1138,Active,0.09,0.102494554499216
L,1978,23,83,1200,1220.4,0.02,0.5,0.0714,Active,0.11,0.112222147402943
L,1979,23,113,5400,5609.25,0.06,0.7,0.1085,Active,0.84,0.891942699098102
L,1980,23,143,6300,6663,0.19,0.2,0.121,Active,0.73,0.882752206289794
L,1981,23,53,9600,9776.23,0.17,0.4,0.1542,Active,0.98,1.16159875429396
L,1982,23,143,6000,6367.43,0.16,0.3,0.1286,Active,0.04,0.0469404348396724
L,1983,23,73,9700,10057.4,0.16,0.6,0.1857,Active,0.02,0.0234702174198362
L,1984,23,103,1200,1236.42,0.09,0.3,0.0956,Active,0.06,0.0656504570223126
L,1985,23,113,8300,8500.68,0.01,0.7,0.0677,Active,0.09,0.0909045150375751
L,1986,23,113,9800,10068.1,0.06,0.2,0.0766,Active,0.51,0.541536638738133
L,1987,23,93,2800,2874.36,0.09,0.3,0.0956,Active,0.93,1.01758208384585
L,1988,23,133,7000,7283.56,0.17,0.1,0.0928,Active,0.41,0.48597498904135
L,1989,23,73,2900,2940.74,0.04,0.2,0.0708,Active,0.94,0.978362127740845
L,1990,23,133,4700,4943.32,0.14,0.3,0.1186,Active,0.28,0.322076663680024
L,1991,23,53,1100,1108.73,0.01,0.6,0.0667,Active,0.89,0.89894464870491
L,1992,23,113,7900,8170.01,0.06,0.5,0.0957,Active,0.82,0.870705968167195
L,1993,23,53,7900,8015.4,0.12,0.4,0.1227,Active,0.68,0.766697859073976
L,1994,23,123,1400,1440.94,0.05,0.2,0.0737,Active,0.36,0.378457594695369
L,1995,23,93,7100,7262.91,0.08,0.2,0.0826,Active,0.17,0.184158801504743
L,1996,23,123,9500,10004.03,0.17,0.3,0.1337,Active,0.01,0.0118530485132037
L,1997,23,123,3800,3902.09,0.01,0.7,0.0677,Active,0.32,0.323216053466934
L,2058,24,144,9600,10581.94,0.19,0.6,0.2148,Active,0.6,0.725549758594351
L,2059,24,104,5800,5945.83,0.04,0.4,0.0792,Active,0.95,0.988770235482769
L,2060,24,124,8800,9195.65,0.17,0.2,0.1133,Active,0.72,0.853419492950663
L,2061,24,174,8100,8560.45,0.12,0.2,0.0955,Active,0.64,0.721597985010801
L,2062,24,74,9100,9321.54,0.12,0.4,0.1227,Active,0.58,0.653948173916038
L,2063,24,114,7600,7841.3,0.1,0.2,0.0889,Active,0.11,0.121568800988321
L,2064,24,64,3600,3638.11,0.01,0.6,0.0667,Active,0.88,0.888844147034068
L,2065,24,74,9900,10108.02,0.15,0.2,0.1059,Active,0.91,1.05726916088274
L,2066,24,64,6200,6396.83,0.2,0.5,0.2,Active,0.53,0.64734346182489
L,2067,24,174,9900,10982.52,0.14,0.7,0.1837,Active,0.15,0.172541069828584
L,2068,24,104,8200,8426.74,0.07,0.3,0.0871,Active,0.34,0.364652781626434
L,2069,24,74,5300,5501.27,0.19,0.5,0.1914,Active,0.47,0.568347310898908
L,2070,24,94,4900,5067.01,0.12,0.4,0.1227,Active,0.11,0.124024653673731
L,2071,24,144,3800,4032.7,0.16,0.3,0.1286,Active,0.9,1.05615978389263
L,2072,24,54,9100,9280.16,0.11,0.8,0.1663,Active,0.16,0.178604491273419
L,2073,24,124,5600,5793.56,0.07,0.3,0.0871,Active,0.93,0.997432608566421
L,2074,24,94,6300,6490.22,0.08,0.5,0.1087,Active,0.26,0.281654637595489
L,2075,24,124,1700,1767.46,0.1,0.3,0.1,Active,0.78,0.862033316099005
L,2076,24,84,8400,8589.4,0.05,0.6,0.0947,Active,0.32,0.336406750840328
L,2077,24,174,200,208.18,0.01,0.8,0.0687,Active,0.34,0.343417056808617
L,2078,24,64,5600,5665.51,0.05,0.2,0.0737,Active,0.94,0.988194830593463
L,2079,24,164,4200,4433.33,0.08,0.4,0.1,Active,0.19,0.205824542858242
L,2080,24,134,9100,9695.83,0.2,0.3,0.15,Active,0.83,1.01376428927294
L,2081,24,124,9800,10226.61,0.07,0.6,0.1097,Active,0.04,0.0429003272501687
L,2082,24,144,2200,2272.7,0.02,0.4,0.0694,Active,0.28,0.285656375207492
L,2083,24,114,1500,1589.68,0.14,0.6,0.1674,Active,0.57,0.65565606534862
L,2084,24,164,4000,4285.78,0.16,0.3,0.1286,Active,0.05,0.0586755435495905
L,2085,24,104,6600,6754.42,0.05,0.2,0.0737,Active,0.14,0.147177953492643
L,2086,24,154,400,436.42,0.15,0.6,0.1765,Active,0.77,0.894612366900778
L,2087,24,54,9900,10066.41,0.15,0.4,0.1412,Active,0.66,0.766810600200667
L,2088,24,114,8300,9076.35,0.16,1,0.2619,Active,0.07,0.0821457609694267
L,2089,24,54,8600,8841.72,0.17,0.8,0.2361,Active,0.2,0.237060970264073
L,2090,24,144,5500,5806.69,0.18,0.2,0.1171,Active,0.92,1.10143997407207
L,2091,24,94,4400,4562.92,0.1,0.6,0.1333,Active,0.88,0.97255040790657
L,2092,24,124,5200,5441.22,0.11,0.4,0.1169,Active,0.3,0.334883421137661
L,2093,24,164,7000,7371.39,0.12,0.2,0.0955,Active,0.92,1.03729710345303
L,2094,24,74,4300,4435.31,0.13,0.6,0.1586,Active,0.15,0.170824257498693
L,2095,24,114,4400,4618.43,0.18,0.3,0.139,Active,0.7,0.838052154185267
L,2096,24,124,100,105.95,0.2,0.3,0.15,Active,0.27,0.329778744703246
L,2097,24,44,400,403.84,0.19,0.2,0.121,Active,0.41,0.495792335039473
L,2098,24,94,3500,3586.43,0.1,0.2,0.0889,Active,0.52,0.574688877399337
L,2099,24,124,9700,10214.64,0.17,0.3,0.1337,Active,0.29,0.343738406882906
L,2100,24,84,3000,3071.43,0.08,0.4,0.1,Active,0.09,0.0974958360907463
L,2101,24,144,3000,3201.71,0.15,0.4,0.1412,Active,0.68,0.790047285055233
L,2102,24,94,10000,10231.39,0.04,0.5,0.0833,Active,0.53,0.551629710321966
L,2103,24,84,5200,5310.69,0.06,0.4,0.0894,Active,0.64,0.67957538978903
L,2104,24,114,9500,9876.95,0.1,0.4,0.1111,Active,0.27,0.298396147880425
L,2105,24,114,1600,1660.51,0.15,0.2,0.1059,Active,0.75,0.871375682046212
L,2106,24,144,1700,1771.97,0.1,0.2,0.0889,Active,0.99,1.09411920889489
L,2107,24,94,5800,6081.94,0.2,0.4,0.175,Active,0.96,1.17254664783376
L,2108,24,154,9800,10190.79,0.03,0.5,0.0773,Active,0.67,0.690404537748856
L,2109,24,144,9100,9572.77,0.12,0.3,0.1091,Active,0.33,0.372073961021194
L,2110,24,154,9100,9452.08,0.04,0.3,0.075,Active,0.1,0.104081077419239
L,2111,24,154,400,439.5,0.19,0.5,0.1914,Active,0.17,0.205572431601733
L,2112,24,84,6500,6846.36,0.16,0.8,0.2238,Active,0.72,0.844927827114103
L,2113,24,134,8300,8610.49,0.09,0.2,0.0857,Active,0.76,0.83157245561596
L,2114,24,104,300,307.07,0.03,0.4,0.0742,Active,0.64,0.659490901730251
L,2115,24,94,8200,8504.54,0.17,0.3,0.1337,Active,0.43,0.509681086067757
L,2116,24,174,1700,1778.22,0.03,0.5,0.0773,Active,0.19,0.195786361451168
L,2117,24,64,3200,3243.53,0.09,0.2,0.0857,Active,0.84,0.919106398312377
L,2118,24,104,8000,8276.06,0.08,0.5,0.1087,Active,0.25,0.27082176691874
L,2119,24,74,7700,7884.86,0.19,0.2,0.121,Active,0.41,0.495792335039473
L,2131,25,65,3200,3255.21,0.08,0.5,0.1087,Active,0.67,0.725802335342222
L,2132,25,55,4600,4723.21,0.2,0.6,0.225,Active,0.74,0.903838041038526
L,2133,25,155,5900,6090.53,0.01,0.2,0.0626,Active,0.57,0.575728595237976
L,2134,25,165,1200,1266.67,0.08,0.4,0.1,Active,0.85,0.920794007523715
L,2135,25,85,9400,9755.41,0.15,0.5,0.1588,Active,0.48,0.557680436509576
L,2136,25,155,6300,6787.5,0.2,0.3,0.15,Active,0.73,0.891624013456924
L,2137,25,155,6300,6823.25,0.18,0.4,0.161,Active,0.82,0.981718237759884
L,2138,25,175,7700,8209.21,0.1,0.4,0.1111,Active,0.55,0.607844004941606
L,2139,25,75,4900,4966.5,0.05,0.1,0.0684,Active,0.99,1.04075838541226
L,2140,25,85,8200,8338.23,0.04,0.2,0.0708,Active,0.98,1.01999455870854
L,2141,25,145,5700,6137,0.18,0.4,0.161,Active,0.35,0.419026077092634
L,2142,25,95,7900,8168.16,0.1,0.5,0.1222,Active,0.08,0.0884136734460518
L,2143,25,115,5200,5486.37,0.17,0.4,0.1542,Active,0.07,0.0829713395924256
L,2144,25,135,3300,3397.95,0.03,0.2,0.068,Active,0.1,0.103045453395352
L,2145,25,75,4400,4483.46,0.09,0.3,0.0956,Active,0.68,0.744038512919543
L,2146,25,165,4300,4536.26,0.13,0.2,0.0989,Active,0.01,0.0113882838332462
L,2147,25,155,700,754.17,0.2,0.3,0.15,Active,0.14,0.170996386142424
L,2148,25,95,5600,5778.73,0.06,0.8,0.1149,Active,0.45,0.477826445945412
L,2149,25,105,7700,8127.78,0.2,0.4,0.175,Active,0.9,1.09926248234415
L,2150,25,85,6200,6397.37,0.17,0.3,0.1337,Active,0.19,0.225207921750869
L,2151,25,105,800,827.56,0.06,0.7,0.1085,Active,0.58,0.615865196996309
L,2244,26,106,2700,2758.29,0.03,0.2,0.068,Active,0.12,0.123654544074422
L,2245,26,66,6000,6100.48,0.09,0.4,0.1055,Active,0.91,0.995698598171742
L,2246,26,176,7000,7480.83,0.09,0.5,0.1154,Active,0.28,0.306368799437459
L,2247,26,166,1900,2014.74,0.08,0.5,0.1087,Active,0.62,0.671637981958474
L,2248,26,156,4600,4889.98,0.1,0.5,0.1222,Active,0.29,0.320499566241938
L,2249,26,146,1400,1473,0.16,0.2,0.1095,Active,0.36,0.422463913557052
L,2250,26,156,800,828.64,0.02,0.4,0.0694,Active,0.88,0.897777179223545
L,2251,26,166,9000,9368.5,0.05,0.2,0.0737,Active,0.83,0.8725550099921
L,2252,26,46,3700,3742.2,0.13,0.5,0.1437,Active,0.41,0.466919637163095
L,2253,26,136,3500,3636.58,0.06,0.4,0.0894,Active,0.49,0.520299907807226
L,2254,26,96,6700,7011.55,0.14,0.6,0.1674,Active,0.99,1.13877106086865
L,2255,26,56,1100,1129.7,0.18,0.7,0.2268,Active,0.97,1.16130084222816
L,2256,26,176,700,738.38,0.11,0.2,0.0921,Active,1,1.11627807045887
L,2257,26,46,5000,5043.29,0.12,0.3,0.1091,Active,0.94,1.05984704048461
L,2258,26,146,4400,4598.42,0.05,0.6,0.0947,Active,0.24,0.252305063130246
L,2259,26,156,2400,2477.5,0.01,0.2,0.0626,Active,0.6,0.606030100250501
L,2260,26,116,4800,4923.43,0.07,0.1,0.072,Active,0.6,0.64350490875253
L,2261,26,96,2300,2369.7,0.12,0.3,0.1091,Active,0.24,0.27059924437905
L,2262,26,116,1500,1568.95,0.13,0.4,0.1287,Active,0.93,1.0591103964919
L,2263,26,126,3500,3685.14,0.1,0.6,0.1333,Active,0.2,0.22103418361513
L,2264,26,56,500,505.25,0.15,0.1,0.0882,Active,0.43,0.499588724373162
L,2265,26,176,3600,3864.64,0.15,0.3,0.1235,Active,0.89,1.03403247602817
L,2266,26,86,700,711.28,0.01,0.7,0.0677,Active,0.68,0.686834113617234
L,2267,26,136,9400,9723.74,0.05,0.3,0.0789,Active,0.82,0.86204229902834
L,2268,26,76,6800,6908.48,0.03,0.6,0.0804,Active,0.88,0.906799989879095
L,2269,26,46,6600,6636.35,0.02,0.4,0.0694,Active,0.11,0.112222147402943
L,2270,26,76,7800,7938.51,0.05,0.5,0.0895,Active,0.36,0.378457594695369
L,2271,26,116,9900,10285.75,0.12,0.3,0.1091,Active,0.02,0.0225499370315875
L,2272,26,146,8800,9114.29,0.04,0.3,0.075,Active,0.22,0.228978370322325
L,2273,26,136,5400,5732.83,0.15,0.4,0.1412,Active,0.88,1.02241413360089
L,2274,26,56,6000,6046.14,0.01,0.4,0.0646,Active,0.06,0.0606030100250501
L,2275,26,86,10000,10155.48,0.02,0.2,0.0653,Active,0.2,0.204040268005351
L,2276,26,176,3800,4108.52,0.12,0.5,0.1364,Active,0.27,0.304424149926431
L,2277,26,106,7400,7693.65,0.2,0.2,0.125,Active,0.74,0.903838041038526
L,2278,26,176,6000,6312.5,0.04,0.6,0.0875,Active,0.33,0.343467555483488
L,2279,26,86,1000,1030.76,0.11,0.5,0.1292,Active,0.06,0.0669766842275323
L,2280,26,86,6700,6832.4,0.06,0.3,0.083,Active,0.16,0.169893847447258
L,2281,26,176,1100,1196.64,0.16,0.4,0.1476,Active,0.71,0.833192718404185
L,2282,26,86,3200,3248.46,0.01,0.3,0.0636,Active,0.72,0.727236120300601
L,2283,26,96,7500,7757.29,0.15,0.3,0.1235,Active,0.82,0.952704079037192
L,2284,26,146,2400,2531.89,0.09,0.5,0.1154,Active,0.2,0.218834856741042
L,2285,26,136,9000,9696.54,0.12,0.8,0.1773,Active,0.45,0.507373583210719
L,2286,26,146,500,516.19,0.03,0.2,0.068,Active,0.66,0.680099992409321
L,2287,26,76,500,512.77,0.13,0.4,0.1287,Active,0.96,1.09327524799164
L,2288,26,106,7400,7726.54,0.18,0.3,0.139,Active,0.28,0.335220861674107
L,2289,26,46,9700,9785.53,0.1,0.4,0.1111,Active,0.91,1.00570553544884
L,2290,26,66,5500,5560.59,0.02,0.4,0.0694,Active,0.32,0.326464428808562
L,2291,26,86,3900,3969.64,0.04,0.3,0.075,Active,0.12,0.124897292903087
L,2292,26,136,9100,9695.83,0.12,0.6,0.15,Active,0.41,0.462273709147544
L,2293,26,76,700,709.4,0.01,0.7,0.0677,Active,0.34,0.343417056808617
L,2294,26,96,6600,6875,0.2,0.3,0.15,Active,0.39,0.476347075682466
L,2295,26,86,1500,1559.79,0.14,0.6,0.1674,Active,0.62,0.713169755291481
L,2296,26,136,600,643.97,0.19,0.4,0.1679,Active,0.33,0.399052367226893
L,2297,26,106,3200,3297.12,0.09,0.3,0.0956,Active,0.05,0.0547087141852605
L,2298,26,86,7000,7309.5,0.16,0.6,0.1857,Active,0.06,0.0704106522595086
L,2299,26,106,1200,1241.41,0.08,0.5,0.1087,Active,0.07,0.0758300947372471
L,2300,26,146,1200,1262.69,0.07,0.6,0.1097,Active,0.1,0.107250818125422
L,2301,26,106,4600,4892.06,0.2,0.5,0.2,Active,0.03,0.0366420827448051
L,2302,26,66,3900,3948.84,0.05,0.3,0.0789,Active,0.9,0.946143986738422
L,2303,26,156,9200,9615.28,0.04,0.6,0.0875,Active,0.21,0.218570262580402
L,2304,26,136,3300,3401.12,0.06,0.1,0.0702,Active,0.69,0.732667217116298
L,2305,26,126,7200,7470.57,0.05,0.6,0.0947,Active,0.78,0.819991455173299
L,2306,26,146,9900,10476.09,0.1,0.5,0.1222,Active,0.93,1.02780895381035
L,2307,26,66,1600,1639.16,0.17,0.4,0.1542,Active,0.64,0.758595104845034
L,2308,26,66,5900,6044.41,0.17,0.4,0.1542,Active,0.49,0.580799377146979
L,2309,26,176,2600,2859.85,0.19,0.4,0.1679,Active,0.74,0.894844702266366
L,2310,26,136,1900,2006.66,0.16,0.3,0.1286,Active,0.48,0.563285218076069
L,2311,26,146,2900,2992.11,0.01,0.6,0.0667,Active,0.44,0.444422073517034
L,2312,26,56,3400,3444,0.08,0.5,0.1087,Active,0.77,0.834131042109718
L,2313,26,156,5600,5812.33,0.02,0.6,0.0735,Active,0.39,0.397878522610435
L,2314,26,86,9800,10303.3,0.17,0.7,0.2157,Active,0.46,0.545240231607368
L,2315,26,146,700,752.93,0.15,0.5,0.1588,Active,0.18,0.209130163691091
L,2316,26,96,9600,9866.67,0.2,0.1,0.1,Active,0.08,0.0977122206528136
L,2317,26,66,6500,6628.97,0.2,0.2,0.125,Active,0.48,0.586273323916881
L,2318,26,76,2300,2338.42,0.05,0.4,0.0842,Active,0.02,0.0210254219275205
L,2319,26,126,2200,2257.36,0.01,0.5,0.0657,Active,0.26,0.262613043441884
L,2320,26,136,7700,8065.35,0.08,0.5,0.1087,Active,0.19,0.205824542858242
L,2356,27,67,2100,2141.77,0.09,0.6,0.1253,Active,0.26,0.284485313763355
L,2357,27,137,6600,6823.56,0.02,0.8,0.0776,Active,0.02,0.0204040268005351
L,2358,27,57,200,202.04,0.09,0.2,0.0857,Active,0.02,0.0218834856741042
L,2359,27,137,5700,5867.45,0.02,0.3,0.0673,Active,0.5,0.510100670013378
L,2360,27,127,6500,7000.65,0.15,0.7,0.1941,Active,0.39,0.45311535466403
L,2361,27,47,2800,2827.27,0.12,0.4,0.1227,Active,0.51,0.575023394305482
L,2362,27,77,7300,7589.68,0.2,0.5,0.2,Active,0.37,0.451919020519263
L,2363,27,97,8400,8571.97,0.05,0.2,0.0737,Active,0.87,0.914605853847141
L,2364,27,57,8400,8536.4,0.12,0.5,0.1364,Active,0.07,0.0789247796105563
L,2365,27,107,1500,1572,0.14,0.5,0.1512,Active,0.46,0.529125947474325
L,2366,27,67,500,518.46,0.14,1,0.2326,Active,0.13,0.14953559385144
L,2367,27,67,8300,8540.96,0.18,0.5,0.1829,Active,0.25,0.299304340780453
L,2368,27,137,1300,1340.52,0.02,0.5,0.0714,Active,0.05,0.0510100670013378
L,2369,27,87,3300,3356.1,0.02,0.5,0.0714,Active,0.21,0.214242281405619
L,2370,27,107,8800,9106.46,0.07,0.6,0.1097,Active,0.58,0.622054745127446
L,2371,27,167,2500,2847.22,0.2,0.7,0.25,Active,0.65,0.79391179280411
L,2372,27,47,6500,6547.1,0.08,0.3,0.0913,Active,0.13,0.140827318797745
L,2373,27,147,4200,4327.2,0.01,0.3,0.0636,Active,0.66,0.666633110275551
L,2374,27,107,9400,9698.41,0.05,0.7,0.1,Active,0.86,0.904093142883381
L,2375,27,177,900,958.77,0.07,0.6,0.1097,Active,0.6,0.64350490875253
L,2376,27,97,8000,8308.89,0.18,0.3,0.139,Active,0.86,1.02960693228476
L,2377,27,67,1200,1231.98,0.19,0.4,0.1679,Active,0.43,0.519977326992618
L,2378,27,97,5100,5212.2,0.04,0.4,0.0792,Active,0.9,0.936729696773149
L,2379,27,107,1100,1135.69,0.07,0.5,0.1022,Active,0.84,0.900906872253542
L,2380,27,127,1200,1258.81,0.15,0.3,0.1235,Active,0.73,0.848138997191647
